# Original procedural schematic geometry; +Y up / bow -Z. Units arbitrary.
# No materials, textures, imported meshes, or hidden dependencies.
o vessel
v 4.200000 14.560000 -45.000000
v 4.286295 14.560000 -44.270752
v 4.328243 14.560000 -43.548528
v 4.322491 14.560000 -42.840282
v 4.266374 14.560000 -42.152835
v 4.158052 14.560000 -41.492808
v 3.996611 14.560000 -40.866557
v 3.782153 14.560000 -40.280114
v 3.515848 14.560000 -39.739126
v 3.199961 14.560000 -39.248802
v 2.837833 14.560000 -38.813866
v 2.433849 14.560000 -38.438506
v 1.993351 14.560000 -38.126336
v 1.522537 14.560000 -37.880364
v 1.028325 14.560000 -37.702958
v 0.518191 14.560000 -37.595826
v 0.000000 14.560000 -37.560000
v -0.518191 14.560000 -37.595826
v -1.028325 14.560000 -37.702958
v -1.522537 14.560000 -37.880364
v -1.993351 14.560000 -38.126336
v -2.433849 14.560000 -38.438506
v -2.837833 14.560000 -38.813866
v -3.199961 14.560000 -39.248802
v -3.515848 14.560000 -39.739126
v -3.782153 14.560000 -40.280114
v -3.996611 14.560000 -40.866557
v -4.158052 14.560000 -41.492808
v -4.266374 14.560000 -42.152835
v -4.322491 14.560000 -42.840282
v -4.328243 14.560000 -43.548528
v -4.286295 14.560000 -44.270752
v -4.200000 14.560000 -45.000000
v -4.073257 14.560000 -45.729248
v -3.910353 14.560000 -46.451472
v -3.715808 14.560000 -47.159718
v -3.494214 14.560000 -47.847165
v -3.250087 14.560000 -48.507192
v -2.987734 14.560000 -49.133443
v -2.711135 14.560000 -49.719886
v -2.423848 14.560000 -50.260874
v -2.128943 14.560000 -50.751198
v -1.828957 14.560000 -51.186134
v -1.525884 14.560000 -51.561494
v -1.221190 14.560000 -51.873664
v -0.915854 14.560000 -52.119636
v -0.610434 14.560000 -52.297042
v -0.305153 14.560000 -52.404174
v -0.000000 14.560000 -52.440000
v 0.305153 14.560000 -52.404174
v 0.610434 14.560000 -52.297042
v 0.915854 14.560000 -52.119636
v 1.221190 14.560000 -51.873664
v 1.525884 14.560000 -51.561494
v 1.828957 14.560000 -51.186134
v 2.128943 14.560000 -50.751198
v 2.423848 14.560000 -50.260874
v 2.711135 14.560000 -49.719886
v 2.987734 14.560000 -49.133443
v 3.250087 14.560000 -48.507192
v 3.494214 14.560000 -47.847165
v 3.715808 14.560000 -47.159718
v 3.910353 14.560000 -46.451472
v 4.073257 14.560000 -45.729248
v 11.200000 13.760000 -45.000000
v 11.430120 13.760000 -43.055340
v 11.541982 13.760000 -41.129408
v 11.526642 13.760000 -39.240752
v 11.376998 13.760000 -37.407561
v 11.088138 13.760000 -35.647489
v 10.657628 13.760000 -33.977487
v 10.085740 13.760000 -32.413637
v 9.375596 13.760000 -30.971001
v 8.533228 13.760000 -29.663473
v 7.567555 13.760000 -28.503643
v 6.490263 13.760000 -27.502682
v 5.315602 13.760000 -26.670230
v 4.060099 13.760000 -26.014304
v 2.742199 13.760000 -25.541220
v 1.381843 13.760000 -25.255535
v 0.000000 13.760000 -25.160000
v -1.381843 13.760000 -25.255535
v -2.742199 13.760000 -25.541220
v -4.060099 13.760000 -26.014304
v -5.315602 13.760000 -26.670230
v -6.490263 13.760000 -27.502682
v -7.567555 13.760000 -28.503643
v -8.533228 13.760000 -29.663473
v -9.375596 13.760000 -30.971001
v -10.085740 13.760000 -32.413637
v -10.657628 13.760000 -33.977487
v -11.088138 13.760000 -35.647489
v -11.376998 13.760000 -37.407561
v -11.526642 13.760000 -39.240752
v -11.541982 13.760000 -41.129408
v -11.430120 13.760000 -43.055340
v -11.200000 13.760000 -45.000000
v -10.862017 13.760000 -46.944660
v -10.427608 13.760000 -48.870592
v -9.908822 13.760000 -50.759248
v -9.317903 13.760000 -52.592439
v -8.666898 13.760000 -54.352511
v -7.967291 13.760000 -56.022513
v -7.229694 13.760000 -57.586363
v -6.463596 13.760000 -59.028999
v -5.677181 13.760000 -60.336527
v -4.877218 13.760000 -61.496357
v -4.069024 13.760000 -62.497318
v -3.256507 13.760000 -63.329770
v -2.442278 13.760000 -63.985696
v -1.627825 13.760000 -64.458780
v -0.813740 13.760000 -64.744465
v -0.000000 13.760000 -64.840000
v 0.813740 13.760000 -64.744465
v 1.627825 13.760000 -64.458780
v 2.442278 13.760000 -63.985696
v 3.256507 13.760000 -63.329770
v 4.069024 13.760000 -62.497318
v 4.877218 13.760000 -61.496357
v 5.677181 13.760000 -60.336527
v 6.463596 13.760000 -59.028999
v 7.229694 13.760000 -57.586363
v 7.967291 13.760000 -56.022513
v 8.666898 13.760000 -54.352511
v 9.317903 13.760000 -52.592439
v 9.908822 13.760000 -50.759248
v 10.427608 13.760000 -48.870592
v 10.862017 13.760000 -46.944660
v 26.600000 10.960000 -45.000000
v 27.146536 10.960000 -40.381432
v 27.412208 10.960000 -35.807344
v 27.375775 10.960000 -31.321786
v 27.020371 10.960000 -26.967957
v 26.334328 10.960000 -22.787786
v 25.311867 10.960000 -18.821531
v 23.953634 10.960000 -15.107388
v 22.267040 10.960000 -11.681128
v 20.266417 10.960000 -8.575747
v 17.972944 10.960000 -5.821152
v 15.414375 10.960000 -3.443870
v 12.624555 10.960000 -1.466796
v 9.642734 10.960000 0.091029
v 6.512722 10.960000 1.214602
v 3.281878 10.960000 1.893104
v 0.000000 10.960000 2.120000
v -3.281878 10.960000 1.893104
v -6.512722 10.960000 1.214602
v -9.642734 10.960000 0.091029
v -12.624555 10.960000 -1.466796
v -15.414375 10.960000 -3.443870
v -17.972944 10.960000 -5.821152
v -20.266417 10.960000 -8.575747
v -22.267040 10.960000 -11.681128
v -23.953634 10.960000 -15.107388
v -25.311867 10.960000 -18.821531
v -26.334328 10.960000 -22.787786
v -27.020371 10.960000 -26.967957
v -27.375775 10.960000 -31.321786
v -27.412208 10.960000 -35.807344
v -27.146536 10.960000 -40.381432
v -26.600000 10.960000 -45.000000
v -25.797291 10.960000 -49.618568
v -24.765569 10.960000 -54.192656
v -23.533451 10.960000 -58.678214
v -22.130020 10.960000 -63.032043
v -20.583884 10.960000 -67.212214
v -18.922316 10.960000 -71.178469
v -17.170523 10.960000 -74.892612
v -15.351040 10.960000 -78.318872
v -13.483306 10.960000 -81.424253
v -11.583393 10.960000 -84.178848
v -9.663931 10.960000 -86.556130
v -7.734204 10.960000 -88.533204
v -5.800411 10.960000 -90.091029
v -3.866083 10.960000 -91.214602
v -1.932634 10.960000 -91.893104
v -0.000000 10.960000 -92.120000
v 1.932634 10.960000 -91.893104
v 3.866083 10.960000 -91.214602
v 5.800411 10.960000 -90.091029
v 7.734204 10.960000 -88.533204
v 9.663931 10.960000 -86.556130
v 11.583393 10.960000 -84.178848
v 13.483306 10.960000 -81.424253
v 15.351040 10.960000 -78.318872
v 17.170523 10.960000 -74.892612
v 18.922316 10.960000 -71.178469
v 20.583884 10.960000 -67.212214
v 22.130020 10.960000 -63.032043
v 23.533451 10.960000 -58.678214
v 24.765569 10.960000 -54.192656
v 25.797291 10.960000 -49.618568
v 33.600000 9.360000 -45.000000
v 34.290361 9.360000 -39.166020
v 34.625947 9.360000 -33.388224
v 34.579926 9.360000 -27.722256
v 34.130995 9.360000 -22.222682
v 33.264414 9.360000 -16.942466
v 31.972885 9.360000 -11.932460
v 30.257221 9.360000 -7.240912
v 28.126788 9.360000 -2.913004
v 25.599684 9.360000 1.009582
v 22.702666 9.360000 4.489071
v 19.470790 9.360000 7.491954
v 15.946806 9.360000 9.989310
v 12.180296 9.360000 11.957089
v 8.226596 9.360000 13.376340
v 4.145530 9.360000 14.233395
v 0.000000 9.360000 14.520000
v -4.145530 9.360000 14.233395
v -8.226596 9.360000 13.376340
v -12.180296 9.360000 11.957089
v -15.946806 9.360000 9.989310
v -19.470790 9.360000 7.491954
v -22.702666 9.360000 4.489071
v -25.599684 9.360000 1.009582
v -28.126788 9.360000 -2.913004
v -30.257221 9.360000 -7.240912
v -31.972885 9.360000 -11.932460
v -33.264414 9.360000 -16.942466
v -34.130995 9.360000 -22.222682
v -34.579926 9.360000 -27.722256
v -34.625947 9.360000 -33.388224
v -34.290361 9.360000 -39.166020
v -33.600000 9.360000 -45.000000
v -32.586052 9.360000 -50.833980
v -31.282824 9.360000 -56.611776
v -29.726465 9.360000 -62.277744
v -27.953710 9.360000 -67.777318
v -26.000695 9.360000 -73.057534
v -23.901873 9.360000 -78.067540
v -21.689081 9.360000 -82.759088
v -19.390788 9.360000 -87.086996
v -17.031544 9.360000 -91.009582
v -14.631654 9.360000 -94.489071
v -12.207071 9.360000 -97.491954
v -9.769521 9.360000 -99.989310
v -7.326834 9.360000 -101.957089
v -4.883474 9.360000 -103.376340
v -2.441221 9.360000 -104.233395
v -0.000000 9.360000 -104.520000
v 2.441221 9.360000 -104.233395
v 4.883474 9.360000 -103.376340
v 7.326834 9.360000 -101.957089
v 9.769521 9.360000 -99.989310
v 12.207071 9.360000 -97.491954
v 14.631654 9.360000 -94.489071
v 17.031544 9.360000 -91.009582
v 19.390788 9.360000 -87.086996
v 21.689081 9.360000 -82.759088
v 23.901873 9.360000 -78.067540
v 26.000695 9.360000 -73.057534
v 27.953710 9.360000 -67.777318
v 29.726465 9.360000 -62.277744
v 31.282824 9.360000 -56.611776
v 32.586052 9.360000 -50.833980
v 35.000000 8.400000 -45.000000
v 35.719126 8.400000 -38.922937
v 36.068694 8.400000 -32.904400
v 36.020756 8.400000 -27.002350
v 35.553119 8.400000 -21.273627
v 34.650431 8.400000 -15.773402
v 33.305088 8.400000 -10.554646
v 31.517939 8.400000 -5.667616
v 29.298737 8.400000 -1.159380
v 26.666338 8.400000 2.926648
v 23.648610 8.400000 6.551116
v 20.282073 8.400000 9.679118
v 16.611256 8.400000 12.280531
v 12.687808 8.400000 14.330301
v 8.569371 8.400000 15.808687
v 4.318261 8.400000 16.701453
v 0.000000 8.400000 17.000000
v -4.318261 8.400000 16.701453
v -8.569371 8.400000 15.808687
v -12.687808 8.400000 14.330301
v -16.611256 8.400000 12.280531
v -20.282073 8.400000 9.679118
v -23.648610 8.400000 6.551116
v -26.666338 8.400000 2.926648
v -29.298737 8.400000 -1.159380
v -31.517939 8.400000 -5.667616
v -33.305088 8.400000 -10.554646
v -34.650431 8.400000 -15.773402
v -35.553119 8.400000 -21.273627
v -36.020756 8.400000 -27.002350
v -36.068694 8.400000 -32.904400
v -35.719126 8.400000 -38.922937
v -35.000000 8.400000 -45.000000
v -33.943804 8.400000 -51.077063
v -32.586275 8.400000 -57.095600
v -30.965067 8.400000 -62.997650
v -29.118448 8.400000 -68.726373
v -27.084058 8.400000 -74.226598
v -24.897785 8.400000 -79.445354
v -22.592793 8.400000 -84.332384
v -20.198737 8.400000 -88.840620
v -17.741192 8.400000 -92.926648
v -15.241306 8.400000 -96.551116
v -12.715699 8.400000 -99.679118
v -10.176584 8.400000 -102.280531
v -7.632119 8.400000 -104.330301
v -5.086952 8.400000 -105.808687
v -2.542939 8.400000 -106.701453
v -0.000000 8.400000 -107.000000
v 2.542939 8.400000 -106.701453
v 5.086952 8.400000 -105.808687
v 7.632119 8.400000 -104.330301
v 10.176584 8.400000 -102.280531
v 12.715699 8.400000 -99.679118
v 15.241306 8.400000 -96.551116
v 17.741192 8.400000 -92.926648
v 20.198737 8.400000 -88.840620
v 22.592793 8.400000 -84.332384
v 24.897785 8.400000 -79.445354
v 27.084058 8.400000 -74.226598
v 29.118448 8.400000 -68.726373
v 30.965067 8.400000 -62.997650
v 32.586275 8.400000 -57.095600
v 33.943804 8.400000 -51.077063
v 35.000000 6.960000 -45.000000
v 35.719126 6.960000 -38.922937
v 36.068694 6.960000 -32.904400
v 36.020756 6.960000 -27.002350
v 35.553119 6.960000 -21.273627
v 34.650431 6.960000 -15.773402
v 33.305088 6.960000 -10.554646
v 31.517939 6.960000 -5.667616
v 29.298737 6.960000 -1.159380
v 26.666338 6.960000 2.926648
v 23.648610 6.960000 6.551116
v 20.282073 6.960000 9.679118
v 16.611256 6.960000 12.280531
v 12.687808 6.960000 14.330301
v 8.569371 6.960000 15.808687
v 4.318261 6.960000 16.701453
v 0.000000 6.960000 17.000000
v -4.318261 6.960000 16.701453
v -8.569371 6.960000 15.808687
v -12.687808 6.960000 14.330301
v -16.611256 6.960000 12.280531
v -20.282073 6.960000 9.679118
v -23.648610 6.960000 6.551116
v -26.666338 6.960000 2.926648
v -29.298737 6.960000 -1.159380
v -31.517939 6.960000 -5.667616
v -33.305088 6.960000 -10.554646
v -34.650431 6.960000 -15.773402
v -35.553119 6.960000 -21.273627
v -36.020756 6.960000 -27.002350
v -36.068694 6.960000 -32.904400
v -35.719126 6.960000 -38.922937
v -35.000000 6.960000 -45.000000
v -33.943804 6.960000 -51.077063
v -32.586275 6.960000 -57.095600
v -30.965067 6.960000 -62.997650
v -29.118448 6.960000 -68.726373
v -27.084058 6.960000 -74.226598
v -24.897785 6.960000 -79.445354
v -22.592793 6.960000 -84.332384
v -20.198737 6.960000 -88.840620
v -17.741192 6.960000 -92.926648
v -15.241306 6.960000 -96.551116
v -12.715699 6.960000 -99.679118
v -10.176584 6.960000 -102.280531
v -7.632119 6.960000 -104.330301
v -5.086952 6.960000 -105.808687
v -2.542939 6.960000 -106.701453
v -0.000000 6.960000 -107.000000
v 2.542939 6.960000 -106.701453
v 5.086952 6.960000 -105.808687
v 7.632119 6.960000 -104.330301
v 10.176584 6.960000 -102.280531
v 12.715699 6.960000 -99.679118
v 15.241306 6.960000 -96.551116
v 17.741192 6.960000 -92.926648
v 20.198737 6.960000 -88.840620
v 22.592793 6.960000 -84.332384
v 24.897785 6.960000 -79.445354
v 27.084058 6.960000 -74.226598
v 29.118448 6.960000 -68.726373
v 30.965067 6.960000 -62.997650
v 32.586275 6.960000 -57.095600
v 33.943804 6.960000 -51.077063
v 29.050000 4.800000 -45.000000
v 29.646875 4.800000 -39.956038
v 29.937016 4.800000 -34.960652
v 29.897228 4.800000 -30.061951
v 29.509089 4.800000 -25.307111
v 28.759858 4.800000 -20.741924
v 27.643223 4.800000 -16.410356
v 26.159889 4.800000 -12.354122
v 24.317952 4.800000 -8.612285
v 22.133061 4.800000 -5.220882
v 19.628346 4.800000 -2.212574
v 16.834120 4.800000 0.383668
v 13.787342 4.800000 2.542841
v 10.530881 4.800000 4.244150
v 7.112578 4.800000 5.471211
v 3.584157 4.800000 6.212206
v 0.000000 4.800000 6.460000
v -3.584157 4.800000 6.212206
v -7.112578 4.800000 5.471211
v -10.530881 4.800000 4.244150
v -13.787342 4.800000 2.542841
v -16.834120 4.800000 0.383668
v -19.628346 4.800000 -2.212574
v -22.133061 4.800000 -5.220882
v -24.317952 4.800000 -8.612285
v -26.159889 4.800000 -12.354122
v -27.643223 4.800000 -16.410356
v -28.759858 4.800000 -20.741924
v -29.509089 4.800000 -25.307111
v -29.897228 4.800000 -30.061951
v -29.937016 4.800000 -34.960652
v -29.646875 4.800000 -39.956038
v -29.050000 4.800000 -45.000000
v -28.173358 4.800000 -50.043962
v -27.046608 4.800000 -55.039348
v -25.701006 4.800000 -59.938049
v -24.168312 4.800000 -64.692889
v -22.479768 4.800000 -69.258076
v -20.665161 4.800000 -73.589644
v -18.752018 4.800000 -77.645878
v -16.764952 4.800000 -81.387715
v -14.725189 4.800000 -84.779118
v -12.650284 4.800000 -87.787426
v -10.554030 4.800000 -90.383668
v -8.446565 4.800000 -92.542841
v -6.334659 4.800000 -94.244150
v -4.222170 4.800000 -95.471211
v -2.110639 4.800000 -96.212206
v -0.000000 4.800000 -96.460000
v 2.110639 4.800000 -96.212206
v 4.222170 4.800000 -95.471211
v 6.334659 4.800000 -94.244150
v 8.446565 4.800000 -92.542841
v 10.554030 4.800000 -90.383668
v 12.650284 4.800000 -87.787426
v 14.725189 4.800000 -84.779118
v 16.764952 4.800000 -81.387715
v 18.752018 4.800000 -77.645878
v 20.665161 4.800000 -73.589644
v 22.479768 4.800000 -69.258076
v 24.168312 4.800000 -64.692889
v 25.701006 4.800000 -59.938049
v 27.046608 4.800000 -55.039348
v 28.173358 4.800000 -50.043962
v 9.800000 2.880000 -45.000000
v 10.001355 2.880000 -43.298422
v 10.099234 2.880000 -41.613232
v 10.085812 2.880000 -39.960658
v 9.954873 2.880000 -38.356616
v 9.702121 2.880000 -36.816553
v 9.325425 2.880000 -35.355301
v 8.825023 2.880000 -33.986933
v 8.203646 2.880000 -32.724626
v 7.466575 2.880000 -31.580539
v 6.621611 2.880000 -30.565688
v 5.678980 2.880000 -29.689847
v 4.651152 2.880000 -28.961451
v 3.552586 2.880000 -28.387516
v 2.399424 2.880000 -27.973568
v 1.209113 2.880000 -27.723593
v 0.000000 2.880000 -27.640000
v -1.209113 2.880000 -27.723593
v -2.399424 2.880000 -27.973568
v -3.552586 2.880000 -28.387516
v -4.651152 2.880000 -28.961451
v -5.678980 2.880000 -29.689847
v -6.621611 2.880000 -30.565688
v -7.466575 2.880000 -31.580539
v -8.203646 2.880000 -32.724626
v -8.825023 2.880000 -33.986933
v -9.325425 2.880000 -35.355301
v -9.702121 2.880000 -36.816553
v -9.954873 2.880000 -38.356616
v -10.085812 2.880000 -39.960658
v -10.099234 2.880000 -41.613232
v -10.001355 2.880000 -43.298422
v -9.800000 2.880000 -45.000000
v -9.504265 2.880000 -46.701578
v -9.124157 2.880000 -48.386768
v -8.670219 2.880000 -50.039342
v -8.153165 2.880000 -51.643384
v -7.583536 2.880000 -53.183447
v -6.971380 2.880000 -54.644699
v -6.325982 2.880000 -56.013067
v -5.655646 2.880000 -57.275374
v -4.967534 2.880000 -58.419461
v -4.267566 2.880000 -59.434312
v -3.560396 2.880000 -60.310153
v -2.849444 2.880000 -61.038549
v -2.136993 2.880000 -61.612484
v -1.424346 2.880000 -62.026432
v -0.712023 2.880000 -62.276407
v -0.000000 2.880000 -62.360000
v 0.712023 2.880000 -62.276407
v 1.424346 2.880000 -62.026432
v 2.136993 2.880000 -61.612484
v 2.849444 2.880000 -61.038549
v 3.560396 2.880000 -60.310153
v 4.267566 2.880000 -59.434312
v 4.967534 2.880000 -58.419461
v 5.655646 2.880000 -57.275374
v 6.325982 2.880000 -56.013067
v 6.971380 2.880000 -54.644699
v 7.583536 2.880000 -53.183447
v 8.153165 2.880000 -51.643384
v 8.670219 2.880000 -50.039342
v 9.124157 2.880000 -48.386768
v 9.504265 2.880000 -46.701578
v 4.200000 2.720000 -45.000000
v 4.286295 2.720000 -44.270752
v 4.328243 2.720000 -43.548528
v 4.322491 2.720000 -42.840282
v 4.266374 2.720000 -42.152835
v 4.158052 2.720000 -41.492808
v 3.996611 2.720000 -40.866557
v 3.782153 2.720000 -40.280114
v 3.515848 2.720000 -39.739126
v 3.199961 2.720000 -39.248802
v 2.837833 2.720000 -38.813866
v 2.433849 2.720000 -38.438506
v 1.993351 2.720000 -38.126336
v 1.522537 2.720000 -37.880364
v 1.028325 2.720000 -37.702958
v 0.518191 2.720000 -37.595826
v 0.000000 2.720000 -37.560000
v -0.518191 2.720000 -37.595826
v -1.028325 2.720000 -37.702958
v -1.522537 2.720000 -37.880364
v -1.993351 2.720000 -38.126336
v -2.433849 2.720000 -38.438506
v -2.837833 2.720000 -38.813866
v -3.199961 2.720000 -39.248802
v -3.515848 2.720000 -39.739126
v -3.782153 2.720000 -40.280114
v -3.996611 2.720000 -40.866557
v -4.158052 2.720000 -41.492808
v -4.266374 2.720000 -42.152835
v -4.322491 2.720000 -42.840282
v -4.328243 2.720000 -43.548528
v -4.286295 2.720000 -44.270752
v -4.200000 2.720000 -45.000000
v -4.073257 2.720000 -45.729248
v -3.910353 2.720000 -46.451472
v -3.715808 2.720000 -47.159718
v -3.494214 2.720000 -47.847165
v -3.250087 2.720000 -48.507192
v -2.987734 2.720000 -49.133443
v -2.711135 2.720000 -49.719886
v -2.423848 2.720000 -50.260874
v -2.128943 2.720000 -50.751198
v -1.828957 2.720000 -51.186134
v -1.525884 2.720000 -51.561494
v -1.221190 2.720000 -51.873664
v -0.915854 2.720000 -52.119636
v -0.610434 2.720000 -52.297042
v -0.305153 2.720000 -52.404174
v -0.000000 2.720000 -52.440000
v 0.305153 2.720000 -52.404174
v 0.610434 2.720000 -52.297042
v 0.915854 2.720000 -52.119636
v 1.221190 2.720000 -51.873664
v 1.525884 2.720000 -51.561494
v 1.828957 2.720000 -51.186134
v 2.128943 2.720000 -50.751198
v 2.423848 2.720000 -50.260874
v 2.711135 2.720000 -49.719886
v 2.987734 2.720000 -49.133443
v 3.250087 2.720000 -48.507192
v 3.494214 2.720000 -47.847165
v 3.715808 2.720000 -47.159718
v 3.910353 2.720000 -46.451472
v 4.073257 2.720000 -45.729248
v 16.450000 12.829455 -45.000000
v 16.787989 12.829455 -42.143781
v 16.952286 12.829455 -39.315068
v 16.929755 12.829455 -36.541105
v 16.709966 12.829455 -33.848605
v 16.285703 12.829455 -31.263499
v 15.653392 12.829455 -28.810683
v 14.813431 12.829455 -26.513780
v 13.770407 12.829455 -24.394908
v 12.533179 12.829455 -22.474475
v 11.114847 12.829455 -20.770975
v 9.532574 12.829455 -19.300814
v 7.807290 12.829455 -18.078150
v 5.963270 12.829455 -17.114759
v 4.027604 12.829455 -16.419917
v 2.029583 12.829455 -16.000317
v 0.000000 12.829455 -15.860000
v -2.029583 12.829455 -16.000317
v -4.027604 12.829455 -16.419917
v -5.963270 12.829455 -17.114759
v -7.807290 12.829455 -18.078150
v -9.532574 12.829455 -19.300814
v -11.114847 12.829455 -20.770975
v -12.533179 12.829455 -22.474475
v -13.770407 12.829455 -24.394908
v -14.813431 12.829455 -26.513780
v -15.653392 12.829455 -28.810683
v -16.285703 12.829455 -31.263499
v -16.709966 12.829455 -33.848605
v -16.929755 12.829455 -36.541105
v -16.952286 12.829455 -39.315068
v -16.787989 12.829455 -42.143781
v -16.450000 12.829455 -45.000000
v -15.953588 12.829455 -47.856219
v -15.315549 12.829455 -50.684932
v -14.553582 12.829455 -53.458895
v -13.685670 12.829455 -56.151395
v -12.729507 12.829455 -58.736501
v -11.701959 12.829455 -61.189317
v -10.618613 12.829455 -63.486220
v -9.493407 12.829455 -65.605092
v -8.338360 12.829455 -67.525525
v -7.163414 12.829455 -69.229025
v -5.976379 12.829455 -70.699186
v -4.782995 12.829455 -71.921850
v -3.587096 12.829455 -72.885241
v -2.390867 12.829455 -73.580083
v -1.195181 12.829455 -73.999683
v -0.000000 12.829455 -74.140000
v 1.195181 12.829455 -73.999683
v 2.390867 12.829455 -73.580083
v 3.587096 12.829455 -72.885241
v 4.782995 12.829455 -71.921850
v 5.976379 12.829455 -70.699186
v 7.163414 12.829455 -69.229025
v 8.338360 12.829455 -67.525525
v 9.493407 12.829455 -65.605092
v 10.618613 12.829455 -63.486220
v 11.701959 12.829455 -61.189317
v 12.729507 12.829455 -58.736501
v 13.685670 12.829455 -56.151395
v 14.553582 12.829455 -53.458895
v 15.315549 12.829455 -50.684932
v 15.953588 12.829455 -47.856219
v 21.000000 12.002182 -45.000000
v 21.431476 12.002182 -41.353762
v 21.641217 12.002182 -37.742640
v 21.612454 12.002182 -34.201410
v 21.331872 12.002182 -30.764176
v 20.790259 12.002182 -27.464041
v 19.983053 12.002182 -24.332787
v 18.910763 12.002182 -21.400570
v 17.579242 12.002182 -18.695628
v 15.999803 12.002182 -16.244011
v 14.189166 12.002182 -14.069330
v 12.169244 12.002182 -12.192529
v 9.966754 12.002182 -10.631681
v 7.612685 12.002182 -9.401820
v 5.141623 12.002182 -8.514788
v 2.590957 12.002182 -7.979128
v 0.000000 12.002182 -7.800000
v -2.590957 12.002182 -7.979128
v -5.141623 12.002182 -8.514788
v -7.612685 12.002182 -9.401820
v -9.966754 12.002182 -10.631681
v -12.169244 12.002182 -12.192529
v -14.189166 12.002182 -14.069330
v -15.999803 12.002182 -16.244011
v -17.579242 12.002182 -18.695628
v -18.910763 12.002182 -21.400570
v -19.983053 12.002182 -24.332787
v -20.790259 12.002182 -27.464041
v -21.331872 12.002182 -30.764176
v -21.612454 12.002182 -34.201410
v -21.641217 12.002182 -37.742640
v -21.431476 12.002182 -41.353762
v -21.000000 12.002182 -45.000000
v -20.366283 12.002182 -48.646238
v -19.551765 12.002182 -52.257360
v -18.579040 12.002182 -55.798590
v -17.471069 12.002182 -59.235824
v -16.250435 12.002182 -62.535959
v -14.938671 12.002182 -65.667213
v -13.555676 12.002182 -68.599430
v -12.119242 12.002182 -71.304372
v -10.644715 12.002182 -73.755989
v -9.144784 12.002182 -75.930670
v -7.629419 12.002182 -77.807471
v -6.105951 12.002182 -79.368319
v -4.579271 12.002182 -80.598180
v -3.052171 12.002182 -81.485212
v -1.525763 12.002182 -82.020872
v -0.000000 12.002182 -82.200000
v 1.525763 12.002182 -82.020872
v 3.052171 12.002182 -81.485212
v 4.579271 12.002182 -80.598180
v 6.105951 12.002182 -79.368319
v 7.629419 12.002182 -77.807471
v 9.144784 12.002182 -75.930670
v 10.644715 12.002182 -73.755989
v 12.119242 12.002182 -71.304372
v 13.555676 12.002182 -68.599430
v 14.938671 12.002182 -65.667213
v 16.250435 12.002182 -62.535959
v 17.471069 12.002182 -59.235824
v 18.579040 12.002182 -55.798590
v 19.551765 12.002182 -52.257360
v 20.366283 12.002182 -48.646238
v 30.800000 10.024000 -45.000000
v 31.432831 10.024000 -39.652185
v 31.740451 10.024000 -34.355872
v 31.698266 10.024000 -29.162068
v 31.286745 10.024000 -24.120792
v 30.492379 10.024000 -19.280594
v 29.308478 10.024000 -14.688088
v 27.735786 10.024000 -10.387502
v 25.782889 10.024000 -6.420254
v 23.466377 10.024000 -2.824550
v 20.810777 10.024000 0.364982
v 17.848224 10.024000 3.117624
v 14.617905 10.024000 5.406867
v 11.165271 10.024000 7.210665
v 7.541046 10.024000 8.511645
v 3.800070 10.024000 9.297279
v 0.000000 10.024000 9.560000
v -3.800070 10.024000 9.297279
v -7.541046 10.024000 8.511645
v -11.165271 10.024000 7.210665
v -14.617905 10.024000 5.406867
v -17.848224 10.024000 3.117624
v -20.810777 10.024000 0.364982
v -23.466377 10.024000 -2.824550
v -25.782889 10.024000 -6.420254
v -27.735786 10.024000 -10.387502
v -29.308478 10.024000 -14.688088
v -30.492379 10.024000 -19.280594
v -31.286745 10.024000 -24.120792
v -31.698266 10.024000 -29.162068
v -31.740451 10.024000 -34.355872
v -31.432831 10.024000 -39.652185
v -30.800000 10.024000 -45.000000
v -29.870548 10.024000 -50.347815
v -28.675922 10.024000 -55.644128
v -27.249259 10.024000 -60.837932
v -25.624234 10.024000 -65.879208
v -23.833971 10.024000 -70.719406
v -21.910050 10.024000 -75.311912
v -19.881658 10.024000 -79.612498
v -17.774889 10.024000 -83.579746
v -15.612249 10.024000 -87.175450
v -13.412350 10.024000 -90.364982
v -11.189815 10.024000 -93.117624
v -8.955394 10.024000 -95.406867
v -6.716265 10.024000 -97.210665
v -4.476517 10.024000 -98.511645
v -2.237786 10.024000 -99.297279
v -0.000000 10.024000 -99.560000
v 2.237786 10.024000 -99.297279
v 4.476517 10.024000 -98.511645
v 6.716265 10.024000 -97.210665
v 8.955394 10.024000 -95.406867
v 11.189815 10.024000 -93.117624
v 13.412350 10.024000 -90.364982
v 15.612249 10.024000 -87.175450
v 17.774889 10.024000 -83.579746
v 19.881658 10.024000 -79.612498
v 21.910050 10.024000 -75.311912
v 23.833971 10.024000 -70.719406
v 25.624234 10.024000 -65.879208
v 27.249259 10.024000 -60.837932
v 28.675922 10.024000 -55.644128
v 29.870548 10.024000 -50.347815
v 32.332607 9.640000 -45.747141
v 32.551910 9.640000 -44.252859
v 33.042420 9.640000 -40.110582
v 33.174828 9.640000 -38.623496
v 33.413424 9.640000 -34.521111
v 33.451466 9.640000 -33.055541
v 33.419088 9.640000 -29.032558
v 33.356563 9.640000 -27.602619
v 33.038071 9.640000 -23.697779
v 32.870331 9.640000 -22.317243
v 32.255250 9.640000 -18.568153
v 31.979443 9.640000 -17.250314
v 31.062583 9.640000 -13.693080
v 30.677858 9.640000 -12.450630
v 29.459790 9.640000 -9.119509
v 28.967434 9.640000 -7.964414
v 27.454804 9.640000 -4.891487
v 26.858327 9.640000 -3.834870
v 25.063985 9.640000 -1.049733
v 24.369131 9.640000 -0.101770
v 22.312075 9.640000 2.368757
v 21.526768 9.640000 3.198936
v 19.231893 9.640000 5.331060
v 18.366114 9.640000 6.035460
v 15.863780 9.640000 7.808647
v 14.929374 9.640000 8.380484
v 12.254794 9.640000 9.777658
v 11.265227 9.640000 10.211425
v 8.457700 9.640000 11.219130
v 7.427753 9.640000 11.510650
v -7.427753 9.640000 11.510650
v -8.457700 9.640000 11.219130
v -11.265227 9.640000 10.211425
v -12.254794 9.640000 9.777658
v -14.929374 9.640000 8.380484
v -15.863780 9.640000 7.808647
v -18.366114 9.640000 6.035460
v -19.231893 9.640000 5.331060
v -21.526768 9.640000 3.198936
v -22.312075 9.640000 2.368757
v -24.369131 9.640000 -0.101770
v -25.063985 9.640000 -1.049733
v -26.858327 9.640000 -3.834870
v -27.454804 9.640000 -4.891487
v -28.967434 9.640000 -7.964414
v -29.459790 9.640000 -9.119509
v -30.677858 9.640000 -12.450630
v -31.062583 9.640000 -13.693080
v -31.979443 9.640000 -17.250314
v -32.255250 9.640000 -18.568153
v -32.870331 9.640000 -22.317243
v -33.038071 9.640000 -23.697779
v -33.356563 9.640000 -27.602619
v -33.419088 9.640000 -29.032558
v -33.451466 9.640000 -33.055541
v -33.413424 9.640000 -34.521111
v -33.174828 9.640000 -38.623496
v -33.042420 9.640000 -40.110582
v -32.551910 9.640000 -44.252859
v -32.332607 9.640000 -45.747141
v -31.612342 9.640000 -49.889418
v -31.314571 9.640000 -51.376504
v -30.388923 9.640000 -55.478889
v -30.021745 9.640000 -56.944459
v -28.916392 9.640000 -60.967442
v -28.489179 9.640000 -62.397381
v -27.230217 9.640000 -66.302221
v -26.752335 9.640000 -67.682757
v -25.365430 9.640000 -71.431847
v -24.845947 9.640000 -72.749686
v -23.355570 9.640000 -76.306920
v -22.802997 9.640000 -77.549370
v -21.231760 9.640000 -80.880491
v -20.653836 9.640000 -82.035586
v -19.021955 9.640000 -85.108513
v -18.425478 9.640000 -86.165130
v -16.750387 9.640000 -88.950267
v -16.141101 9.640000 -89.898230
v -14.437214 9.640000 -92.368757
v -13.819755 9.640000 -93.198936
v -12.098397 9.640000 -95.331060
v -11.476295 9.640000 -96.035460
v -9.745785 9.640000 -97.808647
v -9.121520 9.640000 -98.380484
v -7.387410 9.640000 -99.777658
v -6.762531 9.640000 -100.211425
v -5.027979 9.640000 -101.219130
v -4.403251 9.640000 -101.510650
v 4.403251 9.640000 -101.510650
v 5.027979 9.640000 -101.219130
v 6.762531 9.640000 -100.211425
v 7.387410 9.640000 -99.777658
v 9.121520 9.640000 -98.380484
v 9.745785 9.640000 -97.808647
v 11.476295 9.640000 -96.035460
v 12.098397 9.640000 -95.331060
v 13.819755 9.640000 -93.198936
v 14.437214 9.640000 -92.368757
v 16.141101 9.640000 -89.898230
v 16.750387 9.640000 -88.950267
v 18.425478 9.640000 -86.165130
v 19.021955 9.640000 -85.108513
v 20.653836 9.640000 -82.035586
v 21.231760 9.640000 -80.880491
v 22.802997 9.640000 -77.549370
v 23.355570 9.640000 -76.306920
v 24.845947 9.640000 -72.749686
v 25.365430 9.640000 -71.431847
v 26.752335 9.640000 -67.682757
v 27.230217 9.640000 -66.302221
v 28.489179 9.640000 -62.397381
v 28.916392 9.640000 -60.967442
v 30.021745 9.640000 -56.944459
v 30.388923 9.640000 -55.478889
v 31.314571 9.640000 -51.376504
v 31.612342 9.640000 -49.889418
v 9.000000 0.000000 -26.000000
v 8.559509 1.854102 -26.000000
v 7.281153 3.526712 -26.000000
v 5.290067 4.854102 -26.000000
v 2.781153 5.706339 -26.000000
v 0.000000 6.000000 -26.000000
v -2.781153 5.706339 -26.000000
v -5.290067 4.854102 -26.000000
v -7.281153 3.526712 -26.000000
v -8.559509 1.854102 -26.000000
v -9.000000 0.000000 -26.000000
v -8.559509 -1.854102 -26.000000
v -7.281153 -3.526712 -26.000000
v -5.290067 -4.854102 -26.000000
v -2.781153 -5.706339 -26.000000
v -0.000000 -6.000000 -26.000000
v 2.781153 -5.706339 -26.000000
v 5.290067 -4.854102 -26.000000
v 7.281153 -3.526712 -26.000000
v 8.559509 -1.854102 -26.000000
v 20.000000 -3.000000 -4.000000
v 19.021130 0.090170 -4.000000
v 16.180340 2.877853 -4.000000
v 11.755705 5.090170 -4.000000
v 6.180340 6.510565 -4.000000
v 0.000000 7.000000 -4.000000
v -6.180340 6.510565 -4.000000
v -11.755705 5.090170 -4.000000
v -16.180340 2.877853 -4.000000
v -19.021130 0.090170 -4.000000
v -20.000000 -3.000000 -4.000000
v -19.021130 -6.090170 -4.000000
v -16.180340 -8.877853 -4.000000
v -11.755705 -11.090170 -4.000000
v -6.180340 -12.510565 -4.000000
v -0.000000 -13.000000 -4.000000
v 6.180340 -12.510565 -4.000000
v 11.755705 -11.090170 -4.000000
v 16.180340 -8.877853 -4.000000
v 19.021130 -6.090170 -4.000000
v 22.000000 -2.000000 34.000000
v 20.923243 1.708204 34.000000
v 17.798374 5.053423 34.000000
v 12.931276 7.708204 34.000000
v 6.798374 9.412678 34.000000
v 0.000000 10.000000 34.000000
v -6.798374 9.412678 34.000000
v -12.931276 7.708204 34.000000
v -17.798374 5.053423 34.000000
v -20.923243 1.708204 34.000000
v -22.000000 -2.000000 34.000000
v -20.923243 -5.708204 34.000000
v -17.798374 -9.053423 34.000000
v -12.931276 -11.708204 34.000000
v -6.798374 -13.412678 34.000000
v -0.000000 -14.000000 34.000000
v 6.798374 -13.412678 34.000000
v 12.931276 -11.708204 34.000000
v 17.798374 -9.053423 34.000000
v 20.923243 -5.708204 34.000000
v 13.000000 0.000000 73.000000
v 12.363735 2.472136 73.000000
v 10.517221 4.702282 73.000000
v 7.641208 6.472136 73.000000
v 4.017221 7.608452 73.000000
v 0.000000 8.000000 73.000000
v -4.017221 7.608452 73.000000
v -7.641208 6.472136 73.000000
v -10.517221 4.702282 73.000000
v -12.363735 2.472136 73.000000
v -13.000000 0.000000 73.000000
v -12.363735 -2.472136 73.000000
v -10.517221 -4.702282 73.000000
v -7.641208 -6.472136 73.000000
v -4.017221 -7.608452 73.000000
v -0.000000 -8.000000 73.000000
v 4.017221 -7.608452 73.000000
v 7.641208 -6.472136 73.000000
v 10.517221 -4.702282 73.000000
v 12.363735 -2.472136 73.000000
v 3.000000 0.000000 91.000000
v 2.853170 0.927051 91.000000
v 2.427051 1.763356 91.000000
v 1.763356 2.427051 91.000000
v 0.927051 2.853170 91.000000
v 0.000000 3.000000 91.000000
v -0.927051 2.853170 91.000000
v -1.763356 2.427051 91.000000
v -2.427051 1.763356 91.000000
v -2.853170 0.927051 91.000000
v -3.000000 0.000000 91.000000
v -2.853170 -0.927051 91.000000
v -2.427051 -1.763356 91.000000
v -1.763356 -2.427051 91.000000
v -0.927051 -2.853170 91.000000
v -0.000000 -3.000000 91.000000
v 0.927051 -2.853170 91.000000
v 1.763356 -2.427051 91.000000
v 2.427051 -1.763356 91.000000
v 2.853170 -0.927051 91.000000
v 3.000000 11.000000 -61.000000
v 2.598076 12.000000 -61.000000
v 1.500000 12.732051 -61.000000
v 0.000000 13.000000 -61.000000
v -1.500000 12.732051 -61.000000
v -2.598076 12.000000 -61.000000
v -3.000000 11.000000 -61.000000
v -2.598076 10.000000 -61.000000
v -1.500000 9.267949 -61.000000
v -0.000000 9.000000 -61.000000
v 1.500000 9.267949 -61.000000
v 2.598076 10.000000 -61.000000
v 9.000000 12.000000 -40.000000
v 7.794229 13.500000 -40.000000
v 4.500000 14.598076 -40.000000
v 0.000000 15.000000 -40.000000
v -4.500000 14.598076 -40.000000
v -7.794229 13.500000 -40.000000
v -9.000000 12.000000 -40.000000
v -7.794229 10.500000 -40.000000
v -4.500000 9.401924 -40.000000
v -0.000000 9.000000 -40.000000
v 4.500000 9.401924 -40.000000
v 7.794229 10.500000 -40.000000
v 11.000000 8.000000 -12.000000
v 9.526279 10.000000 -12.000000
v 5.500000 11.464102 -12.000000
v 0.000000 12.000000 -12.000000
v -5.500000 11.464102 -12.000000
v -9.526279 10.000000 -12.000000
v -11.000000 8.000000 -12.000000
v -9.526279 6.000000 -12.000000
v -5.500000 4.535898 -12.000000
v -0.000000 4.000000 -12.000000
v 5.500000 4.535898 -12.000000
v 9.526279 6.000000 -12.000000
v 9.000000 5.000000 22.000000
v 7.794229 7.000000 22.000000
v 4.500000 8.464102 22.000000
v 0.000000 9.000000 22.000000
v -4.500000 8.464102 22.000000
v -7.794229 7.000000 22.000000
v -9.000000 5.000000 22.000000
v -7.794229 3.000000 22.000000
v -4.500000 1.535898 22.000000
v -0.000000 1.000000 22.000000
v 4.500000 1.535898 22.000000
v 7.794229 3.000000 22.000000
v 3.000000 4.000000 60.000000
v 2.598076 5.000000 60.000000
v 1.500000 5.732051 60.000000
v 0.000000 6.000000 60.000000
v -1.500000 5.732051 60.000000
v -2.598076 5.000000 60.000000
v -3.000000 4.000000 60.000000
v -2.598076 3.000000 60.000000
v -1.500000 2.267949 60.000000
v -0.000000 2.000000 60.000000
v 1.500000 2.267949 60.000000
v 2.598076 3.000000 60.000000
v 0.633600 15.961600 -35.000000
v 0.612011 15.961600 -34.801227
v 0.548714 15.961600 -34.616000
v 0.448023 15.961600 -34.456942
v 0.316800 15.961600 -34.334892
v 0.163988 15.961600 -34.258169
v 0.000000 15.961600 -34.232000
v -0.163988 15.961600 -34.258169
v -0.316800 15.961600 -34.334892
v -0.448023 15.961600 -34.456942
v -0.548714 15.961600 -34.616000
v -0.612011 15.961600 -34.801227
v -0.633600 15.961600 -35.000000
v -0.612011 15.961600 -35.198773
v -0.548714 15.961600 -35.384000
v -0.448023 15.961600 -35.543058
v -0.316800 15.961600 -35.665108
v -0.163988 15.961600 -35.741831
v -0.000000 15.961600 -35.768000
v 0.163988 15.961600 -35.741831
v 0.316800 15.961600 -35.665108
v 0.448023 15.961600 -35.543058
v 0.548714 15.961600 -35.384000
v 0.612011 15.961600 -35.198773
v 1.689600 15.673600 -35.000000
v 1.632028 15.673600 -34.469939
v 1.463237 15.673600 -33.976000
v 1.194728 15.673600 -33.551845
v 0.844800 15.673600 -33.226380
v 0.437301 15.673600 -33.021784
v 0.000000 15.673600 -32.952000
v -0.437301 15.673600 -33.021784
v -0.844800 15.673600 -33.226380
v -1.194728 15.673600 -33.551845
v -1.463237 15.673600 -33.976000
v -1.632028 15.673600 -34.469939
v -1.689600 15.673600 -35.000000
v -1.632028 15.673600 -35.530061
v -1.463237 15.673600 -36.024000
v -1.194728 15.673600 -36.448155
v -0.844800 15.673600 -36.773620
v -0.437301 15.673600 -36.978216
v -0.000000 15.673600 -37.048000
v 0.437301 15.673600 -36.978216
v 0.844800 15.673600 -36.773620
v 1.194728 15.673600 -36.448155
v 1.463237 15.673600 -36.024000
v 1.632028 15.673600 -35.530061
v 4.012800 14.665600 -35.000000
v 3.876067 14.665600 -33.741104
v 3.475187 14.665600 -32.568000
v 2.837478 14.665600 -31.560633
v 2.006400 14.665600 -30.787652
v 1.038589 14.665600 -30.301737
v 0.000000 14.665600 -30.136000
v -1.038589 14.665600 -30.301737
v -2.006400 14.665600 -30.787652
v -2.837478 14.665600 -31.560633
v -3.475187 14.665600 -32.568000
v -3.876067 14.665600 -33.741104
v -4.012800 14.665600 -35.000000
v -3.876067 14.665600 -36.258896
v -3.475187 14.665600 -37.432000
v -2.837478 14.665600 -38.439367
v -2.006400 14.665600 -39.212348
v -1.038589 14.665600 -39.698263
v -0.000000 14.665600 -39.864000
v 1.038589 14.665600 -39.698263
v 2.006400 14.665600 -39.212348
v 2.837478 14.665600 -38.439367
v 3.475187 14.665600 -37.432000
v 3.876067 14.665600 -36.258896
v 5.068800 14.089600 -35.000000
v 4.896085 14.089600 -33.409816
v 4.389710 14.089600 -31.928000
v 3.584183 14.089600 -30.655536
v 2.534400 14.089600 -29.679140
v 1.311902 14.089600 -29.065352
v 0.000000 14.089600 -28.856000
v -1.311902 14.089600 -29.065352
v -2.534400 14.089600 -29.679140
v -3.584183 14.089600 -30.655536
v -4.389710 14.089600 -31.928000
v -4.896085 14.089600 -33.409816
v -5.068800 14.089600 -35.000000
v -4.896085 14.089600 -36.590184
v -4.389710 14.089600 -38.072000
v -3.584183 14.089600 -39.344464
v -2.534400 14.089600 -40.320860
v -1.311902 14.089600 -40.934648
v -0.000000 14.089600 -41.144000
v 1.311902 14.089600 -40.934648
v 2.534400 14.089600 -40.320860
v 3.584183 14.089600 -39.344464
v 4.389710 14.089600 -38.072000
v 4.896085 14.089600 -36.590184
v 5.280000 13.744000 -35.000000
v 5.100088 13.744000 -33.343558
v 4.572614 13.744000 -31.800000
v 3.733524 13.744000 -30.474517
v 2.640000 13.744000 -29.457437
v 1.366565 13.744000 -28.818075
v 0.000000 13.744000 -28.600000
v -1.366565 13.744000 -28.818075
v -2.640000 13.744000 -29.457437
v -3.733524 13.744000 -30.474517
v -4.572614 13.744000 -31.800000
v -5.100088 13.744000 -33.343558
v -5.280000 13.744000 -35.000000
v -5.100088 13.744000 -36.656442
v -4.572614 13.744000 -38.200000
v -3.733524 13.744000 -39.525483
v -2.640000 13.744000 -40.542563
v -1.366565 13.744000 -41.181925
v -0.000000 13.744000 -41.400000
v 1.366565 13.744000 -41.181925
v 2.640000 13.744000 -40.542563
v 3.733524 13.744000 -39.525483
v 4.572614 13.744000 -38.200000
v 5.100088 13.744000 -36.656442
v 5.280000 13.225600 -35.000000
v 5.100088 13.225600 -33.343558
v 4.572614 13.225600 -31.800000
v 3.733524 13.225600 -30.474517
v 2.640000 13.225600 -29.457437
v 1.366565 13.225600 -28.818075
v 0.000000 13.225600 -28.600000
v -1.366565 13.225600 -28.818075
v -2.640000 13.225600 -29.457437
v -3.733524 13.225600 -30.474517
v -4.572614 13.225600 -31.800000
v -5.100088 13.225600 -33.343558
v -5.280000 13.225600 -35.000000
v -5.100088 13.225600 -36.656442
v -4.572614 13.225600 -38.200000
v -3.733524 13.225600 -39.525483
v -2.640000 13.225600 -40.542563
v -1.366565 13.225600 -41.181925
v -0.000000 13.225600 -41.400000
v 1.366565 13.225600 -41.181925
v 2.640000 13.225600 -40.542563
v 3.733524 13.225600 -39.525483
v 4.572614 13.225600 -38.200000
v 5.100088 13.225600 -36.656442
v 4.382400 12.448000 -35.000000
v 4.233073 12.448000 -33.625153
v 3.795270 12.448000 -32.344000
v 3.098825 12.448000 -31.243849
v 2.191200 12.448000 -30.399673
v 1.134249 12.448000 -29.869002
v 0.000000 12.448000 -29.688000
v -1.134249 12.448000 -29.869002
v -2.191200 12.448000 -30.399673
v -3.098825 12.448000 -31.243849
v -3.795270 12.448000 -32.344000
v -4.233073 12.448000 -33.625153
v -4.382400 12.448000 -35.000000
v -4.233073 12.448000 -36.374847
v -3.795270 12.448000 -37.656000
v -3.098825 12.448000 -38.756151
v -2.191200 12.448000 -39.600327
v -1.134249 12.448000 -40.130998
v -0.000000 12.448000 -40.312000
v 1.134249 12.448000 -40.130998
v 2.191200 12.448000 -39.600327
v 3.098825 12.448000 -38.756151
v 3.795270 12.448000 -37.656000
v 4.233073 12.448000 -36.374847
v 1.478400 11.756800 -35.000000
v 1.428025 11.756800 -34.536196
v 1.280332 11.756800 -34.104000
v 1.045387 11.756800 -33.732865
v 0.739200 11.756800 -33.448082
v 0.382638 11.756800 -33.269061
v 0.000000 11.756800 -33.208000
v -0.382638 11.756800 -33.269061
v -0.739200 11.756800 -33.448082
v -1.045387 11.756800 -33.732865
v -1.280332 11.756800 -34.104000
v -1.428025 11.756800 -34.536196
v -1.478400 11.756800 -35.000000
v -1.428025 11.756800 -35.463804
v -1.280332 11.756800 -35.896000
v -1.045387 11.756800 -36.267135
v -0.739200 11.756800 -36.551918
v -0.382638 11.756800 -36.730939
v -0.000000 11.756800 -36.792000
v 0.382638 11.756800 -36.730939
v 0.739200 11.756800 -36.551918
v 1.045387 11.756800 -36.267135
v 1.280332 11.756800 -35.896000
v 1.428025 11.756800 -35.463804
v 0.633600 11.699200 -35.000000
v 0.612011 11.699200 -34.801227
v 0.548714 11.699200 -34.616000
v 0.448023 11.699200 -34.456942
v 0.316800 11.699200 -34.334892
v 0.163988 11.699200 -34.258169
v 0.000000 11.699200 -34.232000
v -0.163988 11.699200 -34.258169
v -0.316800 11.699200 -34.334892
v -0.448023 11.699200 -34.456942
v -0.548714 11.699200 -34.616000
v -0.612011 11.699200 -34.801227
v -0.633600 11.699200 -35.000000
v -0.612011 11.699200 -35.198773
v -0.548714 11.699200 -35.384000
v -0.448023 11.699200 -35.543058
v -0.316800 11.699200 -35.665108
v -0.163988 11.699200 -35.741831
v -0.000000 11.699200 -35.768000
v 0.163988 11.699200 -35.741831
v 0.316800 11.699200 -35.665108
v 0.448023 11.699200 -35.543058
v 0.548714 11.699200 -35.384000
v 0.612011 11.699200 -35.198773
v 0.384000 16.992000 -35.320000
v 0.370916 16.992000 -35.210675
v 0.332554 16.992000 -35.108800
v 0.271529 16.992000 -35.021318
v 0.192000 16.992000 -34.954191
v 0.099387 16.992000 -34.911993
v 0.000000 16.992000 -34.897600
v -0.099387 16.992000 -34.911993
v -0.192000 16.992000 -34.954191
v -0.271529 16.992000 -35.021318
v -0.332554 16.992000 -35.108800
v -0.370916 16.992000 -35.210675
v -0.384000 16.992000 -35.320000
v -0.370916 16.992000 -35.429325
v -0.332554 16.992000 -35.531200
v -0.271529 16.992000 -35.618682
v -0.192000 16.992000 -35.685809
v -0.099387 16.992000 -35.728007
v -0.000000 16.992000 -35.742400
v 0.099387 16.992000 -35.728007
v 0.192000 16.992000 -35.685809
v 0.271529 16.992000 -35.618682
v 0.332554 16.992000 -35.531200
v 0.370916 16.992000 -35.429325
v 1.024000 16.832000 -35.320000
v 0.989108 16.832000 -35.028466
v 0.886810 16.832000 -34.756800
v 0.724077 16.832000 -34.523515
v 0.512000 16.832000 -34.344509
v 0.265031 16.832000 -34.231981
v 0.000000 16.832000 -34.193600
v -0.265031 16.832000 -34.231981
v -0.512000 16.832000 -34.344509
v -0.724077 16.832000 -34.523515
v -0.886810 16.832000 -34.756800
v -0.989108 16.832000 -35.028466
v -1.024000 16.832000 -35.320000
v -0.989108 16.832000 -35.611534
v -0.886810 16.832000 -35.883200
v -0.724077 16.832000 -36.116485
v -0.512000 16.832000 -36.295491
v -0.265031 16.832000 -36.408019
v -0.000000 16.832000 -36.446400
v 0.265031 16.832000 -36.408019
v 0.512000 16.832000 -36.295491
v 0.724077 16.832000 -36.116485
v 0.886810 16.832000 -35.883200
v 0.989108 16.832000 -35.611534
v 2.432000 16.272000 -35.320000
v 2.349132 16.272000 -34.627607
v 2.106174 16.272000 -33.982400
v 1.719684 16.272000 -33.428348
v 1.216000 16.272000 -33.003209
v 0.629448 16.272000 -32.735955
v 0.000000 16.272000 -32.644800
v -0.629448 16.272000 -32.735955
v -1.216000 16.272000 -33.003209
v -1.719684 16.272000 -33.428348
v -2.106174 16.272000 -33.982400
v -2.349132 16.272000 -34.627607
v -2.432000 16.272000 -35.320000
v -2.349132 16.272000 -36.012393
v -2.106174 16.272000 -36.657600
v -1.719684 16.272000 -37.211652
v -1.216000 16.272000 -37.636791
v -0.629448 16.272000 -37.904045
v -0.000000 16.272000 -37.995200
v 0.629448 16.272000 -37.904045
v 1.216000 16.272000 -37.636791
v 1.719684 16.272000 -37.211652
v 2.106174 16.272000 -36.657600
v 2.349132 16.272000 -36.012393
v 3.072000 15.952000 -35.320000
v 2.967324 15.952000 -34.445399
v 2.660430 15.952000 -33.630400
v 2.172232 15.952000 -32.930545
v 1.536000 15.952000 -32.393527
v 0.795092 15.952000 -32.055943
v 0.000000 15.952000 -31.940800
v -0.795092 15.952000 -32.055943
v -1.536000 15.952000 -32.393527
v -2.172232 15.952000 -32.930545
v -2.660430 15.952000 -33.630400
v -2.967324 15.952000 -34.445399
v -3.072000 15.952000 -35.320000
v -2.967324 15.952000 -36.194601
v -2.660430 15.952000 -37.009600
v -2.172232 15.952000 -37.709455
v -1.536000 15.952000 -38.246473
v -0.795092 15.952000 -38.584057
v -0.000000 15.952000 -38.699200
v 0.795092 15.952000 -38.584057
v 1.536000 15.952000 -38.246473
v 2.172232 15.952000 -37.709455
v 2.660430 15.952000 -37.009600
v 2.967324 15.952000 -36.194601
v 3.200000 15.760000 -35.320000
v 3.090963 15.760000 -34.408957
v 2.771281 15.760000 -33.560000
v 2.262742 15.760000 -32.830984
v 1.600000 15.760000 -32.271591
v 0.828221 15.760000 -31.919941
v 0.000000 15.760000 -31.800000
v -0.828221 15.760000 -31.919941
v -1.600000 15.760000 -32.271591
v -2.262742 15.760000 -32.830984
v -2.771281 15.760000 -33.560000
v -3.090963 15.760000 -34.408957
v -3.200000 15.760000 -35.320000
v -3.090963 15.760000 -36.231043
v -2.771281 15.760000 -37.080000
v -2.262742 15.760000 -37.809016
v -1.600000 15.760000 -38.368409
v -0.828221 15.760000 -38.720059
v -0.000000 15.760000 -38.840000
v 0.828221 15.760000 -38.720059
v 1.600000 15.760000 -38.368409
v 2.262742 15.760000 -37.809016
v 2.771281 15.760000 -37.080000
v 3.090963 15.760000 -36.231043
v 3.200000 15.472000 -35.320000
v 3.090963 15.472000 -34.408957
v 2.771281 15.472000 -33.560000
v 2.262742 15.472000 -32.830984
v 1.600000 15.472000 -32.271591
v 0.828221 15.472000 -31.919941
v 0.000000 15.472000 -31.800000
v -0.828221 15.472000 -31.919941
v -1.600000 15.472000 -32.271591
v -2.262742 15.472000 -32.830984
v -2.771281 15.472000 -33.560000
v -3.090963 15.472000 -34.408957
v -3.200000 15.472000 -35.320000
v -3.090963 15.472000 -36.231043
v -2.771281 15.472000 -37.080000
v -2.262742 15.472000 -37.809016
v -1.600000 15.472000 -38.368409
v -0.828221 15.472000 -38.720059
v -0.000000 15.472000 -38.840000
v 0.828221 15.472000 -38.720059
v 1.600000 15.472000 -38.368409
v 2.262742 15.472000 -37.809016
v 2.771281 15.472000 -37.080000
v 3.090963 15.472000 -36.231043
v 2.656000 15.040000 -35.320000
v 2.565499 15.040000 -34.563834
v 2.300163 15.040000 -33.859200
v 1.878076 15.040000 -33.254117
v 1.328000 15.040000 -32.789820
v 0.687423 15.040000 -32.497951
v 0.000000 15.040000 -32.398400
v -0.687423 15.040000 -32.497951
v -1.328000 15.040000 -32.789820
v -1.878076 15.040000 -33.254117
v -2.300163 15.040000 -33.859200
v -2.565499 15.040000 -34.563834
v -2.656000 15.040000 -35.320000
v -2.565499 15.040000 -36.076166
v -2.300163 15.040000 -36.780800
v -1.878076 15.040000 -37.385883
v -1.328000 15.040000 -37.850180
v -0.687423 15.040000 -38.142049
v -0.000000 15.040000 -38.241600
v 0.687423 15.040000 -38.142049
v 1.328000 15.040000 -37.850180
v 1.878076 15.040000 -37.385883
v 2.300163 15.040000 -36.780800
v 2.565499 15.040000 -36.076166
v 0.896000 14.656000 -35.320000
v 0.865470 14.656000 -35.064908
v 0.775959 14.656000 -34.827200
v 0.633568 14.656000 -34.623076
v 0.448000 14.656000 -34.466445
v 0.231902 14.656000 -34.367984
v 0.000000 14.656000 -34.334400
v -0.231902 14.656000 -34.367984
v -0.448000 14.656000 -34.466445
v -0.633568 14.656000 -34.623076
v -0.775959 14.656000 -34.827200
v -0.865470 14.656000 -35.064908
v -0.896000 14.656000 -35.320000
v -0.865470 14.656000 -35.575092
v -0.775959 14.656000 -35.812800
v -0.633568 14.656000 -36.016924
v -0.448000 14.656000 -36.173555
v -0.231902 14.656000 -36.272016
v -0.000000 14.656000 -36.305600
v 0.231902 14.656000 -36.272016
v 0.448000 14.656000 -36.173555
v 0.633568 14.656000 -36.016924
v 0.775959 14.656000 -35.812800
v 0.865470 14.656000 -35.575092
v 0.384000 14.624000 -35.320000
v 0.370916 14.624000 -35.210675
v 0.332554 14.624000 -35.108800
v 0.271529 14.624000 -35.021318
v 0.192000 14.624000 -34.954191
v 0.099387 14.624000 -34.911993
v 0.000000 14.624000 -34.897600
v -0.099387 14.624000 -34.911993
v -0.192000 14.624000 -34.954191
v -0.271529 14.624000 -35.021318
v -0.332554 14.624000 -35.108800
v -0.370916 14.624000 -35.210675
v -0.384000 14.624000 -35.320000
v -0.370916 14.624000 -35.429325
v -0.332554 14.624000 -35.531200
v -0.271529 14.624000 -35.618682
v -0.192000 14.624000 -35.685809
v -0.099387 14.624000 -35.728007
v -0.000000 14.624000 -35.742400
v 0.099387 14.624000 -35.728007
v 0.192000 14.624000 -35.685809
v 0.271529 14.624000 -35.618682
v 0.332554 14.624000 -35.531200
v 0.370916 14.624000 -35.429325
v -13.200000 -3.600000 25.500000
v -10.800000 -0.400000 25.500000
v -10.800000 -0.400000 42.500000
v -13.200000 -3.600000 42.500000
v -37.200000 14.400000 55.500000
v -34.800000 17.600000 55.500000
v -34.800000 17.600000 72.500000
v -37.200000 14.400000 72.500000
v -35.436000 18.000000 6.000000
v -35.478932 18.138133 6.000000
v -35.601192 18.255237 6.000000
v -35.784167 18.333484 6.000000
v -36.000000 18.360960 6.000000
v -36.215833 18.333484 6.000000
v -36.398808 18.255237 6.000000
v -36.521068 18.138133 6.000000
v -36.564000 18.000000 6.000000
v -36.521068 17.861867 6.000000
v -36.398808 17.744763 6.000000
v -36.215833 17.666516 6.000000
v -36.000000 17.639040 6.000000
v -35.784167 17.666516 6.000000
v -35.601192 17.744763 6.000000
v -35.478932 17.861867 6.000000
v -32.710000 18.000000 12.000000
v -32.960436 18.805778 12.000000
v -33.673619 19.488884 12.000000
v -34.740972 19.945321 12.000000
v -36.000000 20.105600 12.000000
v -37.259028 19.945321 12.000000
v -38.326381 19.488884 12.000000
v -39.039564 18.805778 12.000000
v -39.290000 18.000000 12.000000
v -39.039564 17.194222 12.000000
v -38.326381 16.511116 12.000000
v -37.259028 16.054679 12.000000
v -36.000000 15.894400 12.000000
v -34.740972 16.054679 12.000000
v -33.673619 16.511116 12.000000
v -32.960436 17.194222 12.000000
v -31.300000 18.000000 22.000000
v -31.657766 19.151112 22.000000
v -32.676598 20.126977 22.000000
v -34.201388 20.779030 22.000000
v -36.000000 21.008000 22.000000
v -37.798612 20.779030 22.000000
v -39.323402 20.126977 22.000000
v -40.342234 19.151112 22.000000
v -40.700000 18.000000 22.000000
v -40.342234 16.848888 22.000000
v -39.323402 15.873023 22.000000
v -37.798612 15.220970 22.000000
v -36.000000 14.992000 22.000000
v -34.201388 15.220970 22.000000
v -32.676598 15.873023 22.000000
v -31.657766 16.848888 22.000000
v -32.005000 18.000000 78.000000
v -32.309101 18.978445 78.000000
v -33.175108 19.807931 78.000000
v -34.471180 20.362175 78.000000
v -36.000000 20.556800 78.000000
v -37.528820 20.362175 78.000000
v -38.824892 19.807931 78.000000
v -39.690899 18.978445 78.000000
v -39.995000 18.000000 78.000000
v -39.690899 17.021555 78.000000
v -38.824892 16.192069 78.000000
v -37.528820 15.637825 78.000000
v -36.000000 15.443200 78.000000
v -34.471180 15.637825 78.000000
v -33.175108 16.192069 78.000000
v -32.309101 17.021555 78.000000
v -33.650000 18.000000 100.000000
v -33.828883 18.575556 100.000000
v -34.338299 19.063489 100.000000
v -35.100694 19.389515 100.000000
v -36.000000 19.504000 100.000000
v -36.899306 19.389515 100.000000
v -37.661701 19.063489 100.000000
v -38.171117 18.575556 100.000000
v -38.350000 18.000000 100.000000
v -38.171117 17.424444 100.000000
v -37.661701 16.936511 100.000000
v -36.899306 16.610485 100.000000
v -36.000000 16.496000 100.000000
v -35.100694 16.610485 100.000000
v -34.338299 16.936511 100.000000
v -33.828883 17.424444 100.000000
v -35.530000 18.000000 106.000000
v -35.565777 18.115111 106.000000
v -35.667660 18.212698 106.000000
v -35.820139 18.277903 106.000000
v -36.000000 18.300800 106.000000
v -36.179861 18.277903 106.000000
v -36.332340 18.212698 106.000000
v -36.434223 18.115111 106.000000
v -36.470000 18.000000 106.000000
v -36.434223 17.884889 106.000000
v -36.332340 17.787302 106.000000
v -36.179861 17.722097 106.000000
v -36.000000 17.699200 106.000000
v -35.820139 17.722097 106.000000
v -35.667660 17.787302 106.000000
v -35.565777 17.884889 106.000000
v -40.512000 17.157760 22.000000
v -39.835200 17.284096 78.000000
v -38.256000 17.578880 100.000000
v -40.700000 18.000000 22.000000
v -39.995000 18.000000 78.000000
v -38.350000 18.000000 100.000000
v -40.512000 18.842240 22.000000
v -39.835200 18.715904 78.000000
v -38.256000 18.421120 100.000000
v -31.488000 17.157760 22.000000
v -32.164800 17.284096 78.000000
v -33.744000 17.578880 100.000000
v -31.300000 18.000000 22.000000
v -32.005000 18.000000 78.000000
v -33.650000 18.000000 100.000000
v -31.488000 18.842240 22.000000
v -32.164800 18.715904 78.000000
v -33.744000 18.421120 100.000000
v -31.476250 18.000000 36.000000
v -31.549337 18.518326 36.000000
v -31.766237 19.019904 36.000000
v -31.602143 18.000000 46.000000
v -31.673196 18.503902 46.000000
v -31.884059 18.991521 46.000000
v -31.728036 18.000000 56.000000
v -31.797055 18.489477 56.000000
v -32.001882 18.963138 56.000000
v -31.853929 18.000000 66.000000
v -31.920914 18.475052 66.000000
v -32.119705 18.934755 66.000000
v -31.979821 18.000000 76.000000
v -32.044773 18.460628 76.000000
v -32.237528 18.906371 76.000000
v -10.760711 -3.569766 25.500000
v -13.239289 -0.430234 25.500000
v -13.239289 -0.430234 42.500000
v -10.760711 -3.569766 42.500000
v -29.760711 -18.569766 55.500000
v -32.239289 -15.430234 55.500000
v -32.239289 -15.430234 72.500000
v -29.760711 -18.569766 72.500000
v -30.436000 -15.000000 16.000000
v -30.478932 -14.861867 16.000000
v -30.601192 -14.744763 16.000000
v -30.784167 -14.666516 16.000000
v -31.000000 -14.639040 16.000000
v -31.215833 -14.666516 16.000000
v -31.398808 -14.744763 16.000000
v -31.521068 -14.861867 16.000000
v -31.564000 -15.000000 16.000000
v -31.521068 -15.138133 16.000000
v -31.398808 -15.255237 16.000000
v -31.215833 -15.333484 16.000000
v -31.000000 -15.360960 16.000000
v -30.784167 -15.333484 16.000000
v -30.601192 -15.255237 16.000000
v -30.478932 -15.138133 16.000000
v -27.710000 -15.000000 21.400000
v -27.960436 -14.194222 21.400000
v -28.673619 -13.511116 21.400000
v -29.740972 -13.054679 21.400000
v -31.000000 -12.894400 21.400000
v -32.259028 -13.054679 21.400000
v -33.326381 -13.511116 21.400000
v -34.039564 -14.194222 21.400000
v -34.290000 -15.000000 21.400000
v -34.039564 -15.805778 21.400000
v -33.326381 -16.488884 21.400000
v -32.259028 -16.945321 21.400000
v -31.000000 -17.105600 21.400000
v -29.740972 -16.945321 21.400000
v -28.673619 -16.488884 21.400000
v -27.960436 -15.805778 21.400000
v -26.300000 -15.000000 30.400000
v -26.657766 -13.848888 30.400000
v -27.676598 -12.873023 30.400000
v -29.201388 -12.220970 30.400000
v -31.000000 -11.992000 30.400000
v -32.798612 -12.220970 30.400000
v -34.323402 -12.873023 30.400000
v -35.342234 -13.848888 30.400000
v -35.700000 -15.000000 30.400000
v -35.342234 -16.151112 30.400000
v -34.323402 -17.126977 30.400000
v -32.798612 -17.779030 30.400000
v -31.000000 -18.008000 30.400000
v -29.201388 -17.779030 30.400000
v -27.676598 -17.126977 30.400000
v -26.657766 -16.151112 30.400000
v -27.005000 -15.000000 80.800000
v -27.309101 -14.021555 80.800000
v -28.175108 -13.192069 80.800000
v -29.471180 -12.637825 80.800000
v -31.000000 -12.443200 80.800000
v -32.528820 -12.637825 80.800000
v -33.824892 -13.192069 80.800000
v -34.690899 -14.021555 80.800000
v -34.995000 -15.000000 80.800000
v -34.690899 -15.978445 80.800000
v -33.824892 -16.807931 80.800000
v -32.528820 -17.362175 80.800000
v -31.000000 -17.556800 80.800000
v -29.471180 -17.362175 80.800000
v -28.175108 -16.807931 80.800000
v -27.309101 -15.978445 80.800000
v -28.650000 -15.000000 100.600000
v -28.828883 -14.424444 100.600000
v -29.338299 -13.936511 100.600000
v -30.100694 -13.610485 100.600000
v -31.000000 -13.496000 100.600000
v -31.899306 -13.610485 100.600000
v -32.661701 -13.936511 100.600000
v -33.171117 -14.424444 100.600000
v -33.350000 -15.000000 100.600000
v -33.171117 -15.575556 100.600000
v -32.661701 -16.063489 100.600000
v -31.899306 -16.389515 100.600000
v -31.000000 -16.504000 100.600000
v -30.100694 -16.389515 100.600000
v -29.338299 -16.063489 100.600000
v -28.828883 -15.575556 100.600000
v -30.530000 -15.000000 106.000000
v -30.565777 -14.884889 106.000000
v -30.667660 -14.787302 106.000000
v -30.820139 -14.722097 106.000000
v -31.000000 -14.699200 106.000000
v -31.179861 -14.722097 106.000000
v -31.332340 -14.787302 106.000000
v -31.434223 -14.884889 106.000000
v -31.470000 -15.000000 106.000000
v -31.434223 -15.115111 106.000000
v -31.332340 -15.212698 106.000000
v -31.179861 -15.277903 106.000000
v -31.000000 -15.300800 106.000000
v -30.820139 -15.277903 106.000000
v -30.667660 -15.212698 106.000000
v -30.565777 -15.115111 106.000000
v -35.512000 -15.842240 30.400000
v -34.835200 -15.715904 80.800000
v -33.256000 -15.421120 100.600000
v -35.700000 -15.000000 30.400000
v -34.995000 -15.000000 80.800000
v -33.350000 -15.000000 100.600000
v -35.512000 -14.157760 30.400000
v -34.835200 -14.284096 80.800000
v -33.256000 -14.578880 100.600000
v -26.488000 -15.842240 30.400000
v -27.164800 -15.715904 80.800000
v -28.744000 -15.421120 100.600000
v -26.300000 -15.000000 30.400000
v -27.005000 -15.000000 80.800000
v -28.650000 -15.000000 100.600000
v -26.488000 -14.157760 30.400000
v -27.164800 -14.284096 80.800000
v -28.744000 -14.578880 100.600000
v -26.476250 -15.000000 43.000000
v -26.549337 -14.481674 43.000000
v -26.766237 -13.980096 43.000000
v -26.602143 -15.000000 52.000000
v -26.673196 -14.496098 52.000000
v -26.884059 -14.008479 52.000000
v -26.728036 -15.000000 61.000000
v -26.797055 -14.510523 61.000000
v -27.001882 -14.036862 61.000000
v -26.853929 -15.000000 70.000000
v -26.920914 -14.524948 70.000000
v -27.119705 -14.065245 70.000000
v -26.979821 -15.000000 79.000000
v -27.044773 -14.539372 79.000000
v -27.237528 -14.093629 79.000000
v 10.800000 -0.400000 25.500000
v 13.200000 -3.600000 25.500000
v 13.200000 -3.600000 42.500000
v 10.800000 -0.400000 42.500000
v 34.800000 17.600000 55.500000
v 37.200000 14.400000 55.500000
v 37.200000 14.400000 72.500000
v 34.800000 17.600000 72.500000
v 36.564000 18.000000 6.000000
v 36.521068 18.138133 6.000000
v 36.398808 18.255237 6.000000
v 36.215833 18.333484 6.000000
v 36.000000 18.360960 6.000000
v 35.784167 18.333484 6.000000
v 35.601192 18.255237 6.000000
v 35.478932 18.138133 6.000000
v 35.436000 18.000000 6.000000
v 35.478932 17.861867 6.000000
v 35.601192 17.744763 6.000000
v 35.784167 17.666516 6.000000
v 36.000000 17.639040 6.000000
v 36.215833 17.666516 6.000000
v 36.398808 17.744763 6.000000
v 36.521068 17.861867 6.000000
v 39.290000 18.000000 12.000000
v 39.039564 18.805778 12.000000
v 38.326381 19.488884 12.000000
v 37.259028 19.945321 12.000000
v 36.000000 20.105600 12.000000
v 34.740972 19.945321 12.000000
v 33.673619 19.488884 12.000000
v 32.960436 18.805778 12.000000
v 32.710000 18.000000 12.000000
v 32.960436 17.194222 12.000000
v 33.673619 16.511116 12.000000
v 34.740972 16.054679 12.000000
v 36.000000 15.894400 12.000000
v 37.259028 16.054679 12.000000
v 38.326381 16.511116 12.000000
v 39.039564 17.194222 12.000000
v 40.700000 18.000000 22.000000
v 40.342234 19.151112 22.000000
v 39.323402 20.126977 22.000000
v 37.798612 20.779030 22.000000
v 36.000000 21.008000 22.000000
v 34.201388 20.779030 22.000000
v 32.676598 20.126977 22.000000
v 31.657766 19.151112 22.000000
v 31.300000 18.000000 22.000000
v 31.657766 16.848888 22.000000
v 32.676598 15.873023 22.000000
v 34.201388 15.220970 22.000000
v 36.000000 14.992000 22.000000
v 37.798612 15.220970 22.000000
v 39.323402 15.873023 22.000000
v 40.342234 16.848888 22.000000
v 39.995000 18.000000 78.000000
v 39.690899 18.978445 78.000000
v 38.824892 19.807931 78.000000
v 37.528820 20.362175 78.000000
v 36.000000 20.556800 78.000000
v 34.471180 20.362175 78.000000
v 33.175108 19.807931 78.000000
v 32.309101 18.978445 78.000000
v 32.005000 18.000000 78.000000
v 32.309101 17.021555 78.000000
v 33.175108 16.192069 78.000000
v 34.471180 15.637825 78.000000
v 36.000000 15.443200 78.000000
v 37.528820 15.637825 78.000000
v 38.824892 16.192069 78.000000
v 39.690899 17.021555 78.000000
v 38.350000 18.000000 100.000000
v 38.171117 18.575556 100.000000
v 37.661701 19.063489 100.000000
v 36.899306 19.389515 100.000000
v 36.000000 19.504000 100.000000
v 35.100694 19.389515 100.000000
v 34.338299 19.063489 100.000000
v 33.828883 18.575556 100.000000
v 33.650000 18.000000 100.000000
v 33.828883 17.424444 100.000000
v 34.338299 16.936511 100.000000
v 35.100694 16.610485 100.000000
v 36.000000 16.496000 100.000000
v 36.899306 16.610485 100.000000
v 37.661701 16.936511 100.000000
v 38.171117 17.424444 100.000000
v 36.470000 18.000000 106.000000
v 36.434223 18.115111 106.000000
v 36.332340 18.212698 106.000000
v 36.179861 18.277903 106.000000
v 36.000000 18.300800 106.000000
v 35.820139 18.277903 106.000000
v 35.667660 18.212698 106.000000
v 35.565777 18.115111 106.000000
v 35.530000 18.000000 106.000000
v 35.565777 17.884889 106.000000
v 35.667660 17.787302 106.000000
v 35.820139 17.722097 106.000000
v 36.000000 17.699200 106.000000
v 36.179861 17.722097 106.000000
v 36.332340 17.787302 106.000000
v 36.434223 17.884889 106.000000
v 31.488000 17.157760 22.000000
v 32.164800 17.284096 78.000000
v 33.744000 17.578880 100.000000
v 31.300000 18.000000 22.000000
v 32.005000 18.000000 78.000000
v 33.650000 18.000000 100.000000
v 31.488000 18.842240 22.000000
v 32.164800 18.715904 78.000000
v 33.744000 18.421120 100.000000
v 40.512000 17.157760 22.000000
v 39.835200 17.284096 78.000000
v 38.256000 17.578880 100.000000
v 40.700000 18.000000 22.000000
v 39.995000 18.000000 78.000000
v 38.350000 18.000000 100.000000
v 40.512000 18.842240 22.000000
v 39.835200 18.715904 78.000000
v 38.256000 18.421120 100.000000
v 40.523750 18.000000 36.000000
v 40.450663 18.518326 36.000000
v 40.233763 19.019904 36.000000
v 40.397857 18.000000 46.000000
v 40.326804 18.503902 46.000000
v 40.115941 18.991521 46.000000
v 40.271964 18.000000 56.000000
v 40.202945 18.489477 56.000000
v 39.998118 18.963138 56.000000
v 40.146071 18.000000 66.000000
v 40.079086 18.475052 66.000000
v 39.880295 18.934755 66.000000
v 40.020179 18.000000 76.000000
v 39.955227 18.460628 76.000000
v 39.762472 18.906371 76.000000
v 13.239289 -0.430234 25.500000
v 10.760711 -3.569766 25.500000
v 10.760711 -3.569766 42.500000
v 13.239289 -0.430234 42.500000
v 32.239289 -15.430234 55.500000
v 29.760711 -18.569766 55.500000
v 29.760711 -18.569766 72.500000
v 32.239289 -15.430234 72.500000
v 31.564000 -15.000000 16.000000
v 31.521068 -14.861867 16.000000
v 31.398808 -14.744763 16.000000
v 31.215833 -14.666516 16.000000
v 31.000000 -14.639040 16.000000
v 30.784167 -14.666516 16.000000
v 30.601192 -14.744763 16.000000
v 30.478932 -14.861867 16.000000
v 30.436000 -15.000000 16.000000
v 30.478932 -15.138133 16.000000
v 30.601192 -15.255237 16.000000
v 30.784167 -15.333484 16.000000
v 31.000000 -15.360960 16.000000
v 31.215833 -15.333484 16.000000
v 31.398808 -15.255237 16.000000
v 31.521068 -15.138133 16.000000
v 34.290000 -15.000000 21.400000
v 34.039564 -14.194222 21.400000
v 33.326381 -13.511116 21.400000
v 32.259028 -13.054679 21.400000
v 31.000000 -12.894400 21.400000
v 29.740972 -13.054679 21.400000
v 28.673619 -13.511116 21.400000
v 27.960436 -14.194222 21.400000
v 27.710000 -15.000000 21.400000
v 27.960436 -15.805778 21.400000
v 28.673619 -16.488884 21.400000
v 29.740972 -16.945321 21.400000
v 31.000000 -17.105600 21.400000
v 32.259028 -16.945321 21.400000
v 33.326381 -16.488884 21.400000
v 34.039564 -15.805778 21.400000
v 35.700000 -15.000000 30.400000
v 35.342234 -13.848888 30.400000
v 34.323402 -12.873023 30.400000
v 32.798612 -12.220970 30.400000
v 31.000000 -11.992000 30.400000
v 29.201388 -12.220970 30.400000
v 27.676598 -12.873023 30.400000
v 26.657766 -13.848888 30.400000
v 26.300000 -15.000000 30.400000
v 26.657766 -16.151112 30.400000
v 27.676598 -17.126977 30.400000
v 29.201388 -17.779030 30.400000
v 31.000000 -18.008000 30.400000
v 32.798612 -17.779030 30.400000
v 34.323402 -17.126977 30.400000
v 35.342234 -16.151112 30.400000
v 34.995000 -15.000000 80.800000
v 34.690899 -14.021555 80.800000
v 33.824892 -13.192069 80.800000
v 32.528820 -12.637825 80.800000
v 31.000000 -12.443200 80.800000
v 29.471180 -12.637825 80.800000
v 28.175108 -13.192069 80.800000
v 27.309101 -14.021555 80.800000
v 27.005000 -15.000000 80.800000
v 27.309101 -15.978445 80.800000
v 28.175108 -16.807931 80.800000
v 29.471180 -17.362175 80.800000
v 31.000000 -17.556800 80.800000
v 32.528820 -17.362175 80.800000
v 33.824892 -16.807931 80.800000
v 34.690899 -15.978445 80.800000
v 33.350000 -15.000000 100.600000
v 33.171117 -14.424444 100.600000
v 32.661701 -13.936511 100.600000
v 31.899306 -13.610485 100.600000
v 31.000000 -13.496000 100.600000
v 30.100694 -13.610485 100.600000
v 29.338299 -13.936511 100.600000
v 28.828883 -14.424444 100.600000
v 28.650000 -15.000000 100.600000
v 28.828883 -15.575556 100.600000
v 29.338299 -16.063489 100.600000
v 30.100694 -16.389515 100.600000
v 31.000000 -16.504000 100.600000
v 31.899306 -16.389515 100.600000
v 32.661701 -16.063489 100.600000
v 33.171117 -15.575556 100.600000
v 31.470000 -15.000000 106.000000
v 31.434223 -14.884889 106.000000
v 31.332340 -14.787302 106.000000
v 31.179861 -14.722097 106.000000
v 31.000000 -14.699200 106.000000
v 30.820139 -14.722097 106.000000
v 30.667660 -14.787302 106.000000
v 30.565777 -14.884889 106.000000
v 30.530000 -15.000000 106.000000
v 30.565777 -15.115111 106.000000
v 30.667660 -15.212698 106.000000
v 30.820139 -15.277903 106.000000
v 31.000000 -15.300800 106.000000
v 31.179861 -15.277903 106.000000
v 31.332340 -15.212698 106.000000
v 31.434223 -15.115111 106.000000
v 26.488000 -15.842240 30.400000
v 27.164800 -15.715904 80.800000
v 28.744000 -15.421120 100.600000
v 26.300000 -15.000000 30.400000
v 27.005000 -15.000000 80.800000
v 28.650000 -15.000000 100.600000
v 26.488000 -14.157760 30.400000
v 27.164800 -14.284096 80.800000
v 28.744000 -14.578880 100.600000
v 35.512000 -15.842240 30.400000
v 34.835200 -15.715904 80.800000
v 33.256000 -15.421120 100.600000
v 35.700000 -15.000000 30.400000
v 34.995000 -15.000000 80.800000
v 33.350000 -15.000000 100.600000
v 35.512000 -14.157760 30.400000
v 34.835200 -14.284096 80.800000
v 33.256000 -14.578880 100.600000
v 35.523750 -15.000000 43.000000
v 35.450663 -14.481674 43.000000
v 35.233763 -13.980096 43.000000
v 35.397857 -15.000000 52.000000
v 35.326804 -14.496098 52.000000
v 35.115941 -14.008479 52.000000
v 35.271964 -15.000000 61.000000
v 35.202945 -14.510523 61.000000
v 34.998118 -14.036862 61.000000
v 35.146071 -15.000000 70.000000
v 35.079086 -14.524948 70.000000
v 34.880295 -14.065245 70.000000
v 35.020179 -15.000000 79.000000
v 34.955227 -14.539372 79.000000
v 34.762472 -14.093629 79.000000
v 8.000000 -9.000000 -25.000000
v 7.727407 -7.964724 -25.000000
v 6.928203 -7.000000 -25.000000
v 5.656854 -6.171573 -25.000000
v 4.000000 -5.535898 -25.000000
v 2.070552 -5.136297 -25.000000
v 0.000000 -5.000000 -25.000000
v -2.070552 -5.136297 -25.000000
v -4.000000 -5.535898 -25.000000
v -5.656854 -6.171573 -25.000000
v -6.928203 -7.000000 -25.000000
v -7.727407 -7.964724 -25.000000
v -8.000000 -9.000000 -25.000000
v -7.727407 -10.035276 -25.000000
v -6.928203 -11.000000 -25.000000
v -5.656854 -11.828427 -25.000000
v -4.000000 -12.464102 -25.000000
v -2.070552 -12.863703 -25.000000
v -0.000000 -13.000000 -25.000000
v 2.070552 -12.863703 -25.000000
v 4.000000 -12.464102 -25.000000
v 5.656854 -11.828427 -25.000000
v 6.928203 -11.000000 -25.000000
v 7.727407 -10.035276 -25.000000
v 6.800000 -9.000000 -26.500000
v 6.568296 -8.120015 -26.500000
v 5.888973 -7.300000 -26.500000
v 4.808326 -6.595837 -26.500000
v 3.400000 -6.055514 -26.500000
v 1.759970 -5.715852 -26.500000
v 0.000000 -5.600000 -26.500000
v -1.759970 -5.715852 -26.500000
v -3.400000 -6.055514 -26.500000
v -4.808326 -6.595837 -26.500000
v -5.888973 -7.300000 -26.500000
v -6.568296 -8.120015 -26.500000
v -6.800000 -9.000000 -26.500000
v -6.568296 -9.879985 -26.500000
v -5.888973 -10.700000 -26.500000
v -4.808326 -11.404163 -26.500000
v -3.400000 -11.944486 -26.500000
v -1.759970 -12.284148 -26.500000
v -0.000000 -12.400000 -26.500000
v 1.759970 -12.284148 -26.500000
v 3.400000 -11.944486 -26.500000
v 4.808326 -11.404163 -26.500000
v 5.888973 -10.700000 -26.500000
v 6.568296 -9.879985 -26.500000
v 2.800000 -9.000000 -27.100000
v 2.704592 -8.637653 -27.100000
v 2.424871 -8.300000 -27.100000
v 1.979899 -8.010051 -27.100000
v 1.400000 -7.787564 -27.100000
v 0.724693 -7.647704 -27.100000
v 0.000000 -7.600000 -27.100000
v -0.724693 -7.647704 -27.100000
v -1.400000 -7.787564 -27.100000
v -1.979899 -8.010051 -27.100000
v -2.424871 -8.300000 -27.100000
v -2.704592 -8.637653 -27.100000
v -2.800000 -9.000000 -27.100000
v -2.704592 -9.362347 -27.100000
v -2.424871 -9.700000 -27.100000
v -1.979899 -9.989949 -27.100000
v -1.400000 -10.212436 -27.100000
v -0.724693 -10.352296 -27.100000
v -0.000000 -10.400000 -27.100000
v 0.724693 -10.352296 -27.100000
v 1.400000 -10.212436 -27.100000
v 1.979899 -9.989949 -27.100000
v 2.424871 -9.700000 -27.100000
v 2.704592 -9.362347 -27.100000
v 0.240000 16.000000 2.000000
v 0.221731 16.058780 2.000000
v 0.169706 16.108612 2.000000
v 0.091844 16.141908 2.000000
v 0.000000 16.153600 2.000000
v -0.091844 16.141908 2.000000
v -0.169706 16.108612 2.000000
v -0.221731 16.058780 2.000000
v -0.240000 16.000000 2.000000
v -0.221731 15.941220 2.000000
v -0.169706 15.891388 2.000000
v -0.091844 15.858092 2.000000
v -0.000000 15.846400 2.000000
v 0.091844 15.858092 2.000000
v 0.169706 15.891388 2.000000
v 0.221731 15.941220 2.000000
v 1.400000 16.000000 4.160000
v 1.293431 16.342884 4.160000
v 0.989949 16.633568 4.160000
v 0.535757 16.827796 4.160000
v 0.000000 16.896000 4.160000
v -0.535757 16.827796 4.160000
v -0.989949 16.633568 4.160000
v -1.293431 16.342884 4.160000
v -1.400000 16.000000 4.160000
v -1.293431 15.657116 4.160000
v -0.989949 15.366432 4.160000
v -0.535757 15.172204 4.160000
v -0.000000 15.104000 4.160000
v 0.535757 15.172204 4.160000
v 0.989949 15.366432 4.160000
v 1.293431 15.657116 4.160000
v 2.000000 16.000000 7.760000
v 1.847759 16.489835 7.760000
v 1.414214 16.905097 7.760000
v 0.765367 17.182566 7.760000
v 0.000000 17.280000 7.760000
v -0.765367 17.182566 7.760000
v -1.414214 16.905097 7.760000
v -1.847759 16.489835 7.760000
v -2.000000 16.000000 7.760000
v -1.847759 15.510165 7.760000
v -1.414214 15.094903 7.760000
v -0.765367 14.817434 7.760000
v -0.000000 14.720000 7.760000
v 0.765367 14.817434 7.760000
v 1.414214 15.094903 7.760000
v 1.847759 15.510165 7.760000
v 1.700000 16.000000 27.920000
v 1.570595 16.416360 27.920000
v 1.202082 16.769332 27.920000
v 0.650562 17.005181 27.920000
v 0.000000 17.088000 27.920000
v -0.650562 17.005181 27.920000
v -1.202082 16.769332 27.920000
v -1.570595 16.416360 27.920000
v -1.700000 16.000000 27.920000
v -1.570595 15.583640 27.920000
v -1.202082 15.230668 27.920000
v -0.650562 14.994819 27.920000
v -0.000000 14.912000 27.920000
v 0.650562 14.994819 27.920000
v 1.202082 15.230668 27.920000
v 1.570595 15.583640 27.920000
v 1.000000 16.000000 35.840000
v 0.923880 16.244917 35.840000
v 0.707107 16.452548 35.840000
v 0.382683 16.591283 35.840000
v 0.000000 16.640000 35.840000
v -0.382683 16.591283 35.840000
v -0.707107 16.452548 35.840000
v -0.923880 16.244917 35.840000
v -1.000000 16.000000 35.840000
v -0.923880 15.755083 35.840000
v -0.707107 15.547452 35.840000
v -0.382683 15.408717 35.840000
v -0.000000 15.360000 35.840000
v 0.382683 15.408717 35.840000
v 0.707107 15.547452 35.840000
v 0.923880 15.755083 35.840000
v 0.200000 16.000000 38.000000
v 0.184776 16.048983 38.000000
v 0.141421 16.090510 38.000000
v 0.076537 16.118257 38.000000
v 0.000000 16.128000 38.000000
v -0.076537 16.118257 38.000000
v -0.141421 16.090510 38.000000
v -0.184776 16.048983 38.000000
v -0.200000 16.000000 38.000000
v -0.184776 15.951017 38.000000
v -0.141421 15.909490 38.000000
v -0.076537 15.881743 38.000000
v -0.000000 15.872000 38.000000
v 0.076537 15.881743 38.000000
v 0.141421 15.909490 38.000000
v 0.184776 15.951017 38.000000
v -1.920000 15.641600 7.760000
v -1.632000 15.695360 27.920000
v -0.960000 15.820800 35.840000
v -2.000000 16.000000 7.760000
v -1.700000 16.000000 27.920000
v -1.000000 16.000000 35.840000
v -1.920000 16.358400 7.760000
v -1.632000 16.304640 27.920000
v -0.960000 16.179200 35.840000
v 1.920000 15.641600 7.760000
v 1.632000 15.695360 27.920000
v 0.960000 15.820800 35.840000
v 2.000000 16.000000 7.760000
v 1.700000 16.000000 27.920000
v 1.000000 16.000000 35.840000
v 1.920000 16.358400 7.760000
v 1.632000 16.304640 27.920000
v 0.960000 16.179200 35.840000
v 1.925000 16.000000 12.800000
v 1.893899 16.220564 12.800000
v 1.801601 16.434002 12.800000
v 1.871429 16.000000 16.400000
v 1.841193 16.214426 16.400000
v 1.751464 16.421924 16.400000
v 1.817857 16.000000 20.000000
v 1.788487 16.208288 20.000000
v 1.701327 16.409846 20.000000
v 1.764286 16.000000 23.600000
v 1.735781 16.202150 23.600000
v 1.651189 16.397768 23.600000
v 1.710714 16.000000 27.200000
v 1.683075 16.196012 27.200000
v 1.601052 16.385690 27.200000
v -10.000000 8.000000 -5.000000
v 0.000000 10.000000 -5.000000
v 10.000000 8.000000 -5.000000
v -10.000000 8.000000 31.000000
v 0.000000 10.000000 31.000000
v 10.000000 8.000000 31.000000
v -10.000000 8.000000 63.000000
v 0.000000 10.000000 63.000000
v 10.000000 8.000000 63.000000
g primary_hull
f 1 2 66 65
f 2 3 67 66
f 3 4 68 67
f 4 5 69 68
f 5 6 70 69
f 6 7 71 70
f 7 8 72 71
f 8 9 73 72
f 9 10 74 73
f 10 11 75 74
f 11 12 76 75
f 12 13 77 76
f 13 14 78 77
f 14 15 79 78
f 15 16 80 79
f 16 17 81 80
f 17 18 82 81
f 18 19 83 82
f 19 20 84 83
f 20 21 85 84
f 21 22 86 85
f 22 23 87 86
f 23 24 88 87
f 24 25 89 88
f 25 26 90 89
f 26 27 91 90
f 27 28 92 91
f 28 29 93 92
f 29 30 94 93
f 30 31 95 94
f 31 32 96 95
f 32 33 97 96
f 33 34 98 97
f 34 35 99 98
f 35 36 100 99
f 36 37 101 100
f 37 38 102 101
f 38 39 103 102
f 39 40 104 103
f 40 41 105 104
f 41 42 106 105
f 42 43 107 106
f 43 44 108 107
f 44 45 109 108
f 45 46 110 109
f 46 47 111 110
f 47 48 112 111
f 48 49 113 112
f 49 50 114 113
f 50 51 115 114
f 51 52 116 115
f 52 53 117 116
f 53 54 118 117
f 54 55 119 118
f 55 56 120 119
f 56 57 121 120
f 57 58 122 121
f 58 59 123 122
f 59 60 124 123
f 60 61 125 124
f 61 62 126 125
f 62 63 127 126
f 63 64 128 127
f 64 1 65 128
f 65 66 130 129
f 66 67 131 130
f 67 68 132 131
f 68 69 133 132
f 69 70 134 133
f 70 71 135 134
f 71 72 136 135
f 72 73 137 136
f 73 74 138 137
f 74 75 139 138
f 75 76 140 139
f 76 77 141 140
f 77 78 142 141
f 78 79 143 142
f 79 80 144 143
f 80 81 145 144
f 81 82 146 145
f 82 83 147 146
f 83 84 148 147
f 84 85 149 148
f 85 86 150 149
f 86 87 151 150
f 87 88 152 151
f 88 89 153 152
f 89 90 154 153
f 90 91 155 154
f 91 92 156 155
f 92 93 157 156
f 93 94 158 157
f 94 95 159 158
f 95 96 160 159
f 96 97 161 160
f 97 98 162 161
f 98 99 163 162
f 99 100 164 163
f 100 101 165 164
f 101 102 166 165
f 102 103 167 166
f 103 104 168 167
f 104 105 169 168
f 105 106 170 169
f 106 107 171 170
f 107 108 172 171
f 108 109 173 172
f 109 110 174 173
f 110 111 175 174
f 111 112 176 175
f 112 113 177 176
f 113 114 178 177
f 114 115 179 178
f 115 116 180 179
f 116 117 181 180
f 117 118 182 181
f 118 119 183 182
f 119 120 184 183
f 120 121 185 184
f 121 122 186 185
f 122 123 187 186
f 123 124 188 187
f 124 125 189 188
f 125 126 190 189
f 126 127 191 190
f 127 128 192 191
f 128 65 129 192
f 129 130 194 193
f 130 131 195 194
f 131 132 196 195
f 132 133 197 196
f 133 134 198 197
f 134 135 199 198
f 135 136 200 199
f 136 137 201 200
f 137 138 202 201
f 138 139 203 202
f 139 140 204 203
f 140 141 205 204
f 141 142 206 205
f 142 143 207 206
f 143 144 208 207
f 144 145 209 208
f 145 146 210 209
f 146 147 211 210
f 147 148 212 211
f 148 149 213 212
f 149 150 214 213
f 150 151 215 214
f 151 152 216 215
f 152 153 217 216
f 153 154 218 217
f 154 155 219 218
f 155 156 220 219
f 156 157 221 220
f 157 158 222 221
f 158 159 223 222
f 159 160 224 223
f 160 161 225 224
f 161 162 226 225
f 162 163 227 226
f 163 164 228 227
f 164 165 229 228
f 165 166 230 229
f 166 167 231 230
f 167 168 232 231
f 168 169 233 232
f 169 170 234 233
f 170 171 235 234
f 171 172 236 235
f 172 173 237 236
f 173 174 238 237
f 174 175 239 238
f 175 176 240 239
f 176 177 241 240
f 177 178 242 241
f 178 179 243 242
f 179 180 244 243
f 180 181 245 244
f 181 182 246 245
f 182 183 247 246
f 183 184 248 247
f 184 185 249 248
f 185 186 250 249
f 186 187 251 250
f 187 188 252 251
f 188 189 253 252
f 189 190 254 253
f 190 191 255 254
f 191 192 256 255
f 192 129 193 256
f 193 194 258 257
f 194 195 259 258
f 195 196 260 259
f 196 197 261 260
f 197 198 262 261
f 198 199 263 262
f 199 200 264 263
f 200 201 265 264
f 201 202 266 265
f 202 203 267 266
f 203 204 268 267
f 204 205 269 268
f 205 206 270 269
f 206 207 271 270
f 207 208 272 271
f 208 209 273 272
f 209 210 274 273
f 210 211 275 274
f 211 212 276 275
f 212 213 277 276
f 213 214 278 277
f 214 215 279 278
f 215 216 280 279
f 216 217 281 280
f 217 218 282 281
f 218 219 283 282
f 219 220 284 283
f 220 221 285 284
f 221 222 286 285
f 222 223 287 286
f 223 224 288 287
f 224 225 289 288
f 225 226 290 289
f 226 227 291 290
f 227 228 292 291
f 228 229 293 292
f 229 230 294 293
f 230 231 295 294
f 231 232 296 295
f 232 233 297 296
f 233 234 298 297
f 234 235 299 298
f 235 236 300 299
f 236 237 301 300
f 237 238 302 301
f 238 239 303 302
f 239 240 304 303
f 240 241 305 304
f 241 242 306 305
f 242 243 307 306
f 243 244 308 307
f 244 245 309 308
f 245 246 310 309
f 246 247 311 310
f 247 248 312 311
f 248 249 313 312
f 249 250 314 313
f 250 251 315 314
f 251 252 316 315
f 252 253 317 316
f 253 254 318 317
f 254 255 319 318
f 255 256 320 319
f 256 193 257 320
f 257 258 322 321
f 258 259 323 322
f 259 260 324 323
f 260 261 325 324
f 261 262 326 325
f 262 263 327 326
f 263 264 328 327
f 264 265 329 328
f 265 266 330 329
f 266 267 331 330
f 267 268 332 331
f 268 269 333 332
f 269 270 334 333
f 270 271 335 334
f 271 272 336 335
f 272 273 337 336
f 273 274 338 337
f 274 275 339 338
f 275 276 340 339
f 276 277 341 340
f 277 278 342 341
f 278 279 343 342
f 279 280 344 343
f 280 281 345 344
f 281 282 346 345
f 282 283 347 346
f 283 284 348 347
f 284 285 349 348
f 285 286 350 349
f 286 287 351 350
f 287 288 352 351
f 288 289 353 352
f 289 290 354 353
f 290 291 355 354
f 291 292 356 355
f 292 293 357 356
f 293 294 358 357
f 294 295 359 358
f 295 296 360 359
f 296 297 361 360
f 297 298 362 361
f 298 299 363 362
f 299 300 364 363
f 300 301 365 364
f 301 302 366 365
f 302 303 367 366
f 303 304 368 367
f 304 305 369 368
f 305 306 370 369
f 306 307 371 370
f 307 308 372 371
f 308 309 373 372
f 309 310 374 373
f 310 311 375 374
f 311 312 376 375
f 312 313 377 376
f 313 314 378 377
f 314 315 379 378
f 315 316 380 379
f 316 317 381 380
f 317 318 382 381
f 318 319 383 382
f 319 320 384 383
f 320 257 321 384
f 321 322 386 385
f 322 323 387 386
f 323 324 388 387
f 324 325 389 388
f 325 326 390 389
f 326 327 391 390
f 327 328 392 391
f 328 329 393 392
f 329 330 394 393
f 330 331 395 394
f 331 332 396 395
f 332 333 397 396
f 333 334 398 397
f 334 335 399 398
f 335 336 400 399
f 336 337 401 400
f 337 338 402 401
f 338 339 403 402
f 339 340 404 403
f 340 341 405 404
f 341 342 406 405
f 342 343 407 406
f 343 344 408 407
f 344 345 409 408
f 345 346 410 409
f 346 347 411 410
f 347 348 412 411
f 348 349 413 412
f 349 350 414 413
f 350 351 415 414
f 351 352 416 415
f 352 353 417 416
f 353 354 418 417
f 354 355 419 418
f 355 356 420 419
f 356 357 421 420
f 357 358 422 421
f 358 359 423 422
f 359 360 424 423
f 360 361 425 424
f 361 362 426 425
f 362 363 427 426
f 363 364 428 427
f 364 365 429 428
f 365 366 430 429
f 366 367 431 430
f 367 368 432 431
f 368 369 433 432
f 369 370 434 433
f 370 371 435 434
f 371 372 436 435
f 372 373 437 436
f 373 374 438 437
f 374 375 439 438
f 375 376 440 439
f 376 377 441 440
f 377 378 442 441
f 378 379 443 442
f 379 380 444 443
f 380 381 445 444
f 381 382 446 445
f 382 383 447 446
f 383 384 448 447
f 384 321 385 448
f 385 386 450 449
f 386 387 451 450
f 387 388 452 451
f 388 389 453 452
f 389 390 454 453
f 390 391 455 454
f 391 392 456 455
f 392 393 457 456
f 393 394 458 457
f 394 395 459 458
f 395 396 460 459
f 396 397 461 460
f 397 398 462 461
f 398 399 463 462
f 399 400 464 463
f 400 401 465 464
f 401 402 466 465
f 402 403 467 466
f 403 404 468 467
f 404 405 469 468
f 405 406 470 469
f 406 407 471 470
f 407 408 472 471
f 408 409 473 472
f 409 410 474 473
f 410 411 475 474
f 411 412 476 475
f 412 413 477 476
f 413 414 478 477
f 414 415 479 478
f 415 416 480 479
f 416 417 481 480
f 417 418 482 481
f 418 419 483 482
f 419 420 484 483
f 420 421 485 484
f 421 422 486 485
f 422 423 487 486
f 423 424 488 487
f 424 425 489 488
f 425 426 490 489
f 426 427 491 490
f 427 428 492 491
f 428 429 493 492
f 429 430 494 493
f 430 431 495 494
f 431 432 496 495
f 432 433 497 496
f 433 434 498 497
f 434 435 499 498
f 435 436 500 499
f 436 437 501 500
f 437 438 502 501
f 438 439 503 502
f 439 440 504 503
f 440 441 505 504
f 441 442 506 505
f 442 443 507 506
f 443 444 508 507
f 444 445 509 508
f 445 446 510 509
f 446 447 511 510
f 447 448 512 511
f 448 385 449 512
f 449 450 514 513
f 450 451 515 514
f 451 452 516 515
f 452 453 517 516
f 453 454 518 517
f 454 455 519 518
f 455 456 520 519
f 456 457 521 520
f 457 458 522 521
f 458 459 523 522
f 459 460 524 523
f 460 461 525 524
f 461 462 526 525
f 462 463 527 526
f 463 464 528 527
f 464 465 529 528
f 465 466 530 529
f 466 467 531 530
f 467 468 532 531
f 468 469 533 532
f 469 470 534 533
f 470 471 535 534
f 471 472 536 535
f 472 473 537 536
f 473 474 538 537
f 474 475 539 538
f 475 476 540 539
f 476 477 541 540
f 477 478 542 541
f 478 479 543 542
f 479 480 544 543
f 480 481 545 544
f 481 482 546 545
f 482 483 547 546
f 483 484 548 547
f 484 485 549 548
f 485 486 550 549
f 486 487 551 550
f 487 488 552 551
f 488 489 553 552
f 489 490 554 553
f 490 491 555 554
f 491 492 556 555
f 492 493 557 556
f 493 494 558 557
f 494 495 559 558
f 495 496 560 559
f 496 497 561 560
f 497 498 562 561
f 498 499 563 562
f 499 500 564 563
f 500 501 565 564
f 501 502 566 565
f 502 503 567 566
f 503 504 568 567
f 504 505 569 568
f 505 506 570 569
f 506 507 571 570
f 507 508 572 571
f 508 509 573 572
f 509 510 574 573
f 510 511 575 574
f 511 512 576 575
f 512 449 513 576
f 64 63 62 61 60 59 58 57 56 55 54 53 52 51 50 49 48 47 46 45 44 43 42 41 40 39 38 37 36 35 34 33 32 31 30 29 28 27 26 25 24 23 22 21 20 19 18 17 16 15 14 13 12 11 10 9 8 7 6 5 4 3 2 1
f 513 514 515 516 517 518 519 520 521 522 523 524 525 526 527 528 529 530 531 532 533 534 535 536 537 538 539 540 541 542 543 544 545 546 547 548 549 550 551 552 553 554 555 556 557 558 559 560 561 562 563 564 565 566 567 568 569 570 571 572 573 574 575 576
g integrated_engineering_hull
f 885 886 906
f 885 906 905
f 886 887 907
f 886 907 906
f 887 888 908
f 887 908 907
f 888 889 909
f 888 909 908
f 889 890 910
f 889 910 909
f 890 891 911
f 890 911 910
f 891 892 912
f 891 912 911
f 892 893 913
f 892 913 912
f 893 894 914
f 893 914 913
f 894 895 915
f 894 915 914
f 895 896 916
f 895 916 915
f 896 897 917
f 896 917 916
f 897 898 918
f 897 918 917
f 898 899 919
f 898 919 918
f 899 900 920
f 899 920 919
f 900 901 921
f 900 921 920
f 901 902 922
f 901 922 921
f 902 903 923
f 902 923 922
f 903 904 924
f 903 924 923
f 904 885 905
f 904 905 924
f 905 906 926
f 905 926 925
f 906 907 927
f 906 927 926
f 907 908 928
f 907 928 927
f 908 909 929
f 908 929 928
f 909 910 930
f 909 930 929
f 910 911 931
f 910 931 930
f 911 912 932
f 911 932 931
f 912 913 933
f 912 933 932
f 913 914 934
f 913 934 933
f 914 915 935
f 914 935 934
f 915 916 936
f 915 936 935
f 916 917 937
f 916 937 936
f 917 918 938
f 917 938 937
f 918 919 939
f 918 939 938
f 919 920 940
f 919 940 939
f 920 921 941
f 920 941 940
f 921 922 942
f 921 942 941
f 922 923 943
f 922 943 942
f 923 924 944
f 923 944 943
f 924 905 925
f 924 925 944
f 925 926 946
f 925 946 945
f 926 927 947
f 926 947 946
f 927 928 948
f 927 948 947
f 928 929 949
f 928 949 948
f 929 930 950
f 929 950 949
f 930 931 951
f 930 951 950
f 931 932 952
f 931 952 951
f 932 933 953
f 932 953 952
f 933 934 954
f 933 954 953
f 934 935 955
f 934 955 954
f 935 936 956
f 935 956 955
f 936 937 957
f 936 957 956
f 937 938 958
f 937 958 957
f 938 939 959
f 938 959 958
f 939 940 960
f 939 960 959
f 940 941 961
f 940 961 960
f 941 942 962
f 941 962 961
f 942 943 963
f 942 963 962
f 943 944 964
f 943 964 963
f 944 925 945
f 944 945 964
f 945 946 966
f 945 966 965
f 946 947 967
f 946 967 966
f 947 948 968
f 947 968 967
f 948 949 969
f 948 969 968
f 949 950 970
f 949 970 969
f 950 951 971
f 950 971 970
f 951 952 972
f 951 972 971
f 952 953 973
f 952 973 972
f 953 954 974
f 953 974 973
f 954 955 975
f 954 975 974
f 955 956 976
f 955 976 975
f 956 957 977
f 956 977 976
f 957 958 978
f 957 978 977
f 958 959 979
f 958 979 978
f 959 960 980
f 959 980 979
f 960 961 981
f 960 981 980
f 961 962 982
f 961 982 981
f 962 963 983
f 962 983 982
f 963 964 984
f 963 984 983
f 964 945 965
f 964 965 984
f 904 903 902 901 900 899 898 897 896 895 894 893 892 891 890 889 888 887 886 885
f 965 966 967 968 969 970 971 972 973 974 975 976 977 978 979 980 981 982 983 984
g dorsal_spine
f 985 986 998
f 985 998 997
f 986 987 999
f 986 999 998
f 987 988 1000
f 987 1000 999
f 988 989 1001
f 988 1001 1000
f 989 990 1002
f 989 1002 1001
f 990 991 1003
f 990 1003 1002
f 991 992 1004
f 991 1004 1003
f 992 993 1005
f 992 1005 1004
f 993 994 1006
f 993 1006 1005
f 994 995 1007
f 994 1007 1006
f 995 996 1008
f 995 1008 1007
f 996 985 997
f 996 997 1008
f 997 998 1010
f 997 1010 1009
f 998 999 1011
f 998 1011 1010
f 999 1000 1012
f 999 1012 1011
f 1000 1001 1013
f 1000 1013 1012
f 1001 1002 1014
f 1001 1014 1013
f 1002 1003 1015
f 1002 1015 1014
f 1003 1004 1016
f 1003 1016 1015
f 1004 1005 1017
f 1004 1017 1016
f 1005 1006 1018
f 1005 1018 1017
f 1006 1007 1019
f 1006 1019 1018
f 1007 1008 1020
f 1007 1020 1019
f 1008 997 1009
f 1008 1009 1020
f 1009 1010 1022
f 1009 1022 1021
f 1010 1011 1023
f 1010 1023 1022
f 1011 1012 1024
f 1011 1024 1023
f 1012 1013 1025
f 1012 1025 1024
f 1013 1014 1026
f 1013 1026 1025
f 1014 1015 1027
f 1014 1027 1026
f 1015 1016 1028
f 1015 1028 1027
f 1016 1017 1029
f 1016 1029 1028
f 1017 1018 1030
f 1017 1030 1029
f 1018 1019 1031
f 1018 1031 1030
f 1019 1020 1032
f 1019 1032 1031
f 1020 1009 1021
f 1020 1021 1032
f 1021 1022 1034
f 1021 1034 1033
f 1022 1023 1035
f 1022 1035 1034
f 1023 1024 1036
f 1023 1036 1035
f 1024 1025 1037
f 1024 1037 1036
f 1025 1026 1038
f 1025 1038 1037
f 1026 1027 1039
f 1026 1039 1038
f 1027 1028 1040
f 1027 1040 1039
f 1028 1029 1041
f 1028 1041 1040
f 1029 1030 1042
f 1029 1042 1041
f 1030 1031 1043
f 1030 1043 1042
f 1031 1032 1044
f 1031 1044 1043
f 1032 1021 1033
f 1032 1033 1044
f 996 995 994 993 992 991 990 989 988 987 986 985
f 1033 1034 1035 1036 1037 1038 1039 1040 1041 1042 1043 1044
g bridge_superstructure
f 1045 1046 1070 1069
f 1046 1047 1071 1070
f 1047 1048 1072 1071
f 1048 1049 1073 1072
f 1049 1050 1074 1073
f 1050 1051 1075 1074
f 1051 1052 1076 1075
f 1052 1053 1077 1076
f 1053 1054 1078 1077
f 1054 1055 1079 1078
f 1055 1056 1080 1079
f 1056 1057 1081 1080
f 1057 1058 1082 1081
f 1058 1059 1083 1082
f 1059 1060 1084 1083
f 1060 1061 1085 1084
f 1061 1062 1086 1085
f 1062 1063 1087 1086
f 1063 1064 1088 1087
f 1064 1065 1089 1088
f 1065 1066 1090 1089
f 1066 1067 1091 1090
f 1067 1068 1092 1091
f 1068 1045 1069 1092
f 1069 1070 1094 1093
f 1070 1071 1095 1094
f 1071 1072 1096 1095
f 1072 1073 1097 1096
f 1073 1074 1098 1097
f 1074 1075 1099 1098
f 1075 1076 1100 1099
f 1076 1077 1101 1100
f 1077 1078 1102 1101
f 1078 1079 1103 1102
f 1079 1080 1104 1103
f 1080 1081 1105 1104
f 1081 1082 1106 1105
f 1082 1083 1107 1106
f 1083 1084 1108 1107
f 1084 1085 1109 1108
f 1085 1086 1110 1109
f 1086 1087 1111 1110
f 1087 1088 1112 1111
f 1088 1089 1113 1112
f 1089 1090 1114 1113
f 1090 1091 1115 1114
f 1091 1092 1116 1115
f 1092 1069 1093 1116
f 1093 1094 1118 1117
f 1094 1095 1119 1118
f 1095 1096 1120 1119
f 1096 1097 1121 1120
f 1097 1098 1122 1121
f 1098 1099 1123 1122
f 1099 1100 1124 1123
f 1100 1101 1125 1124
f 1101 1102 1126 1125
f 1102 1103 1127 1126
f 1103 1104 1128 1127
f 1104 1105 1129 1128
f 1105 1106 1130 1129
f 1106 1107 1131 1130
f 1107 1108 1132 1131
f 1108 1109 1133 1132
f 1109 1110 1134 1133
f 1110 1111 1135 1134
f 1111 1112 1136 1135
f 1112 1113 1137 1136
f 1113 1114 1138 1137
f 1114 1115 1139 1138
f 1115 1116 1140 1139
f 1116 1093 1117 1140
f 1117 1118 1142 1141
f 1118 1119 1143 1142
f 1119 1120 1144 1143
f 1120 1121 1145 1144
f 1121 1122 1146 1145
f 1122 1123 1147 1146
f 1123 1124 1148 1147
f 1124 1125 1149 1148
f 1125 1126 1150 1149
f 1126 1127 1151 1150
f 1127 1128 1152 1151
f 1128 1129 1153 1152
f 1129 1130 1154 1153
f 1130 1131 1155 1154
f 1131 1132 1156 1155
f 1132 1133 1157 1156
f 1133 1134 1158 1157
f 1134 1135 1159 1158
f 1135 1136 1160 1159
f 1136 1137 1161 1160
f 1137 1138 1162 1161
f 1138 1139 1163 1162
f 1139 1140 1164 1163
f 1140 1117 1141 1164
f 1141 1142 1166 1165
f 1142 1143 1167 1166
f 1143 1144 1168 1167
f 1144 1145 1169 1168
f 1145 1146 1170 1169
f 1146 1147 1171 1170
f 1147 1148 1172 1171
f 1148 1149 1173 1172
f 1149 1150 1174 1173
f 1150 1151 1175 1174
f 1151 1152 1176 1175
f 1152 1153 1177 1176
f 1153 1154 1178 1177
f 1154 1155 1179 1178
f 1155 1156 1180 1179
f 1156 1157 1181 1180
f 1157 1158 1182 1181
f 1158 1159 1183 1182
f 1159 1160 1184 1183
f 1160 1161 1185 1184
f 1161 1162 1186 1185
f 1162 1163 1187 1186
f 1163 1164 1188 1187
f 1164 1141 1165 1188
f 1165 1166 1190 1189
f 1166 1167 1191 1190
f 1167 1168 1192 1191
f 1168 1169 1193 1192
f 1169 1170 1194 1193
f 1170 1171 1195 1194
f 1171 1172 1196 1195
f 1172 1173 1197 1196
f 1173 1174 1198 1197
f 1174 1175 1199 1198
f 1175 1176 1200 1199
f 1176 1177 1201 1200
f 1177 1178 1202 1201
f 1178 1179 1203 1202
f 1179 1180 1204 1203
f 1180 1181 1205 1204
f 1181 1182 1206 1205
f 1182 1183 1207 1206
f 1183 1184 1208 1207
f 1184 1185 1209 1208
f 1185 1186 1210 1209
f 1186 1187 1211 1210
f 1187 1188 1212 1211
f 1188 1165 1189 1212
f 1189 1190 1214 1213
f 1190 1191 1215 1214
f 1191 1192 1216 1215
f 1192 1193 1217 1216
f 1193 1194 1218 1217
f 1194 1195 1219 1218
f 1195 1196 1220 1219
f 1196 1197 1221 1220
f 1197 1198 1222 1221
f 1198 1199 1223 1222
f 1199 1200 1224 1223
f 1200 1201 1225 1224
f 1201 1202 1226 1225
f 1202 1203 1227 1226
f 1203 1204 1228 1227
f 1204 1205 1229 1228
f 1205 1206 1230 1229
f 1206 1207 1231 1230
f 1207 1208 1232 1231
f 1208 1209 1233 1232
f 1209 1210 1234 1233
f 1210 1211 1235 1234
f 1211 1212 1236 1235
f 1212 1189 1213 1236
f 1213 1214 1238 1237
f 1214 1215 1239 1238
f 1215 1216 1240 1239
f 1216 1217 1241 1240
f 1217 1218 1242 1241
f 1218 1219 1243 1242
f 1219 1220 1244 1243
f 1220 1221 1245 1244
f 1221 1222 1246 1245
f 1222 1223 1247 1246
f 1223 1224 1248 1247
f 1224 1225 1249 1248
f 1225 1226 1250 1249
f 1226 1227 1251 1250
f 1227 1228 1252 1251
f 1228 1229 1253 1252
f 1229 1230 1254 1253
f 1230 1231 1255 1254
f 1231 1232 1256 1255
f 1232 1233 1257 1256
f 1233 1234 1258 1257
f 1234 1235 1259 1258
f 1235 1236 1260 1259
f 1236 1213 1237 1260
f 1068 1067 1066 1065 1064 1063 1062 1061 1060 1059 1058 1057 1056 1055 1054 1053 1052 1051 1050 1049 1048 1047 1046 1045
f 1237 1238 1239 1240 1241 1242 1243 1244 1245 1246 1247 1248 1249 1250 1251 1252 1253 1254 1255 1256 1257 1258 1259 1260
f 1261 1262 1286 1285
f 1262 1263 1287 1286
f 1263 1264 1288 1287
f 1264 1265 1289 1288
f 1265 1266 1290 1289
f 1266 1267 1291 1290
f 1267 1268 1292 1291
f 1268 1269 1293 1292
f 1269 1270 1294 1293
f 1270 1271 1295 1294
f 1271 1272 1296 1295
f 1272 1273 1297 1296
f 1273 1274 1298 1297
f 1274 1275 1299 1298
f 1275 1276 1300 1299
f 1276 1277 1301 1300
f 1277 1278 1302 1301
f 1278 1279 1303 1302
f 1279 1280 1304 1303
f 1280 1281 1305 1304
f 1281 1282 1306 1305
f 1282 1283 1307 1306
f 1283 1284 1308 1307
f 1284 1261 1285 1308
f 1285 1286 1310 1309
f 1286 1287 1311 1310
f 1287 1288 1312 1311
f 1288 1289 1313 1312
f 1289 1290 1314 1313
f 1290 1291 1315 1314
f 1291 1292 1316 1315
f 1292 1293 1317 1316
f 1293 1294 1318 1317
f 1294 1295 1319 1318
f 1295 1296 1320 1319
f 1296 1297 1321 1320
f 1297 1298 1322 1321
f 1298 1299 1323 1322
f 1299 1300 1324 1323
f 1300 1301 1325 1324
f 1301 1302 1326 1325
f 1302 1303 1327 1326
f 1303 1304 1328 1327
f 1304 1305 1329 1328
f 1305 1306 1330 1329
f 1306 1307 1331 1330
f 1307 1308 1332 1331
f 1308 1285 1309 1332
f 1309 1310 1334 1333
f 1310 1311 1335 1334
f 1311 1312 1336 1335
f 1312 1313 1337 1336
f 1313 1314 1338 1337
f 1314 1315 1339 1338
f 1315 1316 1340 1339
f 1316 1317 1341 1340
f 1317 1318 1342 1341
f 1318 1319 1343 1342
f 1319 1320 1344 1343
f 1320 1321 1345 1344
f 1321 1322 1346 1345
f 1322 1323 1347 1346
f 1323 1324 1348 1347
f 1324 1325 1349 1348
f 1325 1326 1350 1349
f 1326 1327 1351 1350
f 1327 1328 1352 1351
f 1328 1329 1353 1352
f 1329 1330 1354 1353
f 1330 1331 1355 1354
f 1331 1332 1356 1355
f 1332 1309 1333 1356
f 1333 1334 1358 1357
f 1334 1335 1359 1358
f 1335 1336 1360 1359
f 1336 1337 1361 1360
f 1337 1338 1362 1361
f 1338 1339 1363 1362
f 1339 1340 1364 1363
f 1340 1341 1365 1364
f 1341 1342 1366 1365
f 1342 1343 1367 1366
f 1343 1344 1368 1367
f 1344 1345 1369 1368
f 1345 1346 1370 1369
f 1346 1347 1371 1370
f 1347 1348 1372 1371
f 1348 1349 1373 1372
f 1349 1350 1374 1373
f 1350 1351 1375 1374
f 1351 1352 1376 1375
f 1352 1353 1377 1376
f 1353 1354 1378 1377
f 1354 1355 1379 1378
f 1355 1356 1380 1379
f 1356 1333 1357 1380
f 1357 1358 1382 1381
f 1358 1359 1383 1382
f 1359 1360 1384 1383
f 1360 1361 1385 1384
f 1361 1362 1386 1385
f 1362 1363 1387 1386
f 1363 1364 1388 1387
f 1364 1365 1389 1388
f 1365 1366 1390 1389
f 1366 1367 1391 1390
f 1367 1368 1392 1391
f 1368 1369 1393 1392
f 1369 1370 1394 1393
f 1370 1371 1395 1394
f 1371 1372 1396 1395
f 1372 1373 1397 1396
f 1373 1374 1398 1397
f 1374 1375 1399 1398
f 1375 1376 1400 1399
f 1376 1377 1401 1400
f 1377 1378 1402 1401
f 1378 1379 1403 1402
f 1379 1380 1404 1403
f 1380 1357 1381 1404
f 1381 1382 1406 1405
f 1382 1383 1407 1406
f 1383 1384 1408 1407
f 1384 1385 1409 1408
f 1385 1386 1410 1409
f 1386 1387 1411 1410
f 1387 1388 1412 1411
f 1388 1389 1413 1412
f 1389 1390 1414 1413
f 1390 1391 1415 1414
f 1391 1392 1416 1415
f 1392 1393 1417 1416
f 1393 1394 1418 1417
f 1394 1395 1419 1418
f 1395 1396 1420 1419
f 1396 1397 1421 1420
f 1397 1398 1422 1421
f 1398 1399 1423 1422
f 1399 1400 1424 1423
f 1400 1401 1425 1424
f 1401 1402 1426 1425
f 1402 1403 1427 1426
f 1403 1404 1428 1427
f 1404 1381 1405 1428
f 1405 1406 1430 1429
f 1406 1407 1431 1430
f 1407 1408 1432 1431
f 1408 1409 1433 1432
f 1409 1410 1434 1433
f 1410 1411 1435 1434
f 1411 1412 1436 1435
f 1412 1413 1437 1436
f 1413 1414 1438 1437
f 1414 1415 1439 1438
f 1415 1416 1440 1439
f 1416 1417 1441 1440
f 1417 1418 1442 1441
f 1418 1419 1443 1442
f 1419 1420 1444 1443
f 1420 1421 1445 1444
f 1421 1422 1446 1445
f 1422 1423 1447 1446
f 1423 1424 1448 1447
f 1424 1425 1449 1448
f 1425 1426 1450 1449
f 1426 1427 1451 1450
f 1427 1428 1452 1451
f 1428 1405 1429 1452
f 1429 1430 1454 1453
f 1430 1431 1455 1454
f 1431 1432 1456 1455
f 1432 1433 1457 1456
f 1433 1434 1458 1457
f 1434 1435 1459 1458
f 1435 1436 1460 1459
f 1436 1437 1461 1460
f 1437 1438 1462 1461
f 1438 1439 1463 1462
f 1439 1440 1464 1463
f 1440 1441 1465 1464
f 1441 1442 1466 1465
f 1442 1443 1467 1466
f 1443 1444 1468 1467
f 1444 1445 1469 1468
f 1445 1446 1470 1469
f 1446 1447 1471 1470
f 1447 1448 1472 1471
f 1448 1449 1473 1472
f 1449 1450 1474 1473
f 1450 1451 1475 1474
f 1451 1452 1476 1475
f 1452 1429 1453 1476
f 1284 1283 1282 1281 1280 1279 1278 1277 1276 1275 1274 1273 1272 1271 1270 1269 1268 1267 1266 1265 1264 1263 1262 1261
f 1453 1454 1455 1456 1457 1458 1459 1460 1461 1462 1463 1464 1465 1466 1467 1468 1469 1470 1471 1472 1473 1474 1475 1476
g swept_nacelle_pylon
f 1481 1482 1478 1477
f 1482 1483 1479 1478
f 1483 1484 1480 1479
f 1484 1481 1477 1480
f 1477 1478 1479 1480
f 1484 1483 1482 1481
g warp_nacelle
f 1485 1486 1502 1501
f 1486 1487 1503 1502
f 1487 1488 1504 1503
f 1488 1489 1505 1504
f 1489 1490 1506 1505
f 1490 1491 1507 1506
f 1491 1492 1508 1507
f 1492 1493 1509 1508
f 1493 1494 1510 1509
f 1494 1495 1511 1510
f 1495 1496 1512 1511
f 1496 1497 1513 1512
f 1497 1498 1514 1513
f 1498 1499 1515 1514
f 1499 1500 1516 1515
f 1500 1485 1501 1516
f 1501 1502 1518 1517
f 1502 1503 1519 1518
f 1503 1504 1520 1519
f 1504 1505 1521 1520
f 1505 1506 1522 1521
f 1506 1507 1523 1522
f 1507 1508 1524 1523
f 1508 1509 1525 1524
f 1509 1510 1526 1525
f 1510 1511 1527 1526
f 1511 1512 1528 1527
f 1512 1513 1529 1528
f 1513 1514 1530 1529
f 1514 1515 1531 1530
f 1515 1516 1532 1531
f 1516 1501 1517 1532
f 1517 1518 1534 1533
f 1518 1519 1535 1534
f 1519 1520 1536 1535
f 1520 1521 1537 1536
f 1521 1522 1538 1537
f 1522 1523 1539 1538
f 1523 1524 1540 1539
f 1524 1525 1541 1540
f 1525 1526 1542 1541
f 1526 1527 1543 1542
f 1527 1528 1544 1543
f 1528 1529 1545 1544
f 1529 1530 1546 1545
f 1530 1531 1547 1546
f 1531 1532 1548 1547
f 1532 1517 1533 1548
f 1533 1534 1550 1549
f 1534 1535 1551 1550
f 1535 1536 1552 1551
f 1536 1537 1553 1552
f 1537 1538 1554 1553
f 1538 1539 1555 1554
f 1539 1540 1556 1555
f 1540 1541 1557 1556
f 1541 1542 1558 1557
f 1542 1543 1559 1558
f 1543 1544 1560 1559
f 1544 1545 1561 1560
f 1545 1546 1562 1561
f 1546 1547 1563 1562
f 1547 1548 1564 1563
f 1548 1533 1549 1564
f 1549 1550 1566 1565
f 1550 1551 1567 1566
f 1551 1552 1568 1567
f 1552 1553 1569 1568
f 1553 1554 1570 1569
f 1554 1555 1571 1570
f 1555 1556 1572 1571
f 1556 1557 1573 1572
f 1557 1558 1574 1573
f 1558 1559 1575 1574
f 1559 1560 1576 1575
f 1560 1561 1577 1576
f 1561 1562 1578 1577
f 1562 1563 1579 1578
f 1563 1564 1580 1579
f 1564 1549 1565 1580
f 1500 1499 1498 1497 1496 1495 1494 1493 1492 1491 1490 1489 1488 1487 1486 1485
f 1565 1566 1567 1568 1569 1570 1571 1572 1573 1574 1575 1576 1577 1578 1579 1580
g swept_nacelle_pylon
f 1618 1619 1615 1614
f 1619 1620 1616 1615
f 1620 1621 1617 1616
f 1621 1618 1614 1617
f 1614 1615 1616 1617
f 1621 1620 1619 1618
g warp_nacelle
f 1622 1623 1639 1638
f 1623 1624 1640 1639
f 1624 1625 1641 1640
f 1625 1626 1642 1641
f 1626 1627 1643 1642
f 1627 1628 1644 1643
f 1628 1629 1645 1644
f 1629 1630 1646 1645
f 1630 1631 1647 1646
f 1631 1632 1648 1647
f 1632 1633 1649 1648
f 1633 1634 1650 1649
f 1634 1635 1651 1650
f 1635 1636 1652 1651
f 1636 1637 1653 1652
f 1637 1622 1638 1653
f 1638 1639 1655 1654
f 1639 1640 1656 1655
f 1640 1641 1657 1656
f 1641 1642 1658 1657
f 1642 1643 1659 1658
f 1643 1644 1660 1659
f 1644 1645 1661 1660
f 1645 1646 1662 1661
f 1646 1647 1663 1662
f 1647 1648 1664 1663
f 1648 1649 1665 1664
f 1649 1650 1666 1665
f 1650 1651 1667 1666
f 1651 1652 1668 1667
f 1652 1653 1669 1668
f 1653 1638 1654 1669
f 1654 1655 1671 1670
f 1655 1656 1672 1671
f 1656 1657 1673 1672
f 1657 1658 1674 1673
f 1658 1659 1675 1674
f 1659 1660 1676 1675
f 1660 1661 1677 1676
f 1661 1662 1678 1677
f 1662 1663 1679 1678
f 1663 1664 1680 1679
f 1664 1665 1681 1680
f 1665 1666 1682 1681
f 1666 1667 1683 1682
f 1667 1668 1684 1683
f 1668 1669 1685 1684
f 1669 1654 1670 1685
f 1670 1671 1687 1686
f 1671 1672 1688 1687
f 1672 1673 1689 1688
f 1673 1674 1690 1689
f 1674 1675 1691 1690
f 1675 1676 1692 1691
f 1676 1677 1693 1692
f 1677 1678 1694 1693
f 1678 1679 1695 1694
f 1679 1680 1696 1695
f 1680 1681 1697 1696
f 1681 1682 1698 1697
f 1682 1683 1699 1698
f 1683 1684 1700 1699
f 1684 1685 1701 1700
f 1685 1670 1686 1701
f 1686 1687 1703 1702
f 1687 1688 1704 1703
f 1688 1689 1705 1704
f 1689 1690 1706 1705
f 1690 1691 1707 1706
f 1691 1692 1708 1707
f 1692 1693 1709 1708
f 1693 1694 1710 1709
f 1694 1695 1711 1710
f 1695 1696 1712 1711
f 1696 1697 1713 1712
f 1697 1698 1714 1713
f 1698 1699 1715 1714
f 1699 1700 1716 1715
f 1700 1701 1717 1716
f 1701 1686 1702 1717
f 1637 1636 1635 1634 1633 1632 1631 1630 1629 1628 1627 1626 1625 1624 1623 1622
f 1702 1703 1704 1705 1706 1707 1708 1709 1710 1711 1712 1713 1714 1715 1716 1717
g swept_nacelle_pylon
f 1755 1756 1752 1751
f 1756 1757 1753 1752
f 1757 1758 1754 1753
f 1758 1755 1751 1754
f 1751 1752 1753 1754
f 1758 1757 1756 1755
g warp_nacelle
f 1759 1760 1776 1775
f 1760 1761 1777 1776
f 1761 1762 1778 1777
f 1762 1763 1779 1778
f 1763 1764 1780 1779
f 1764 1765 1781 1780
f 1765 1766 1782 1781
f 1766 1767 1783 1782
f 1767 1768 1784 1783
f 1768 1769 1785 1784
f 1769 1770 1786 1785
f 1770 1771 1787 1786
f 1771 1772 1788 1787
f 1772 1773 1789 1788
f 1773 1774 1790 1789
f 1774 1759 1775 1790
f 1775 1776 1792 1791
f 1776 1777 1793 1792
f 1777 1778 1794 1793
f 1778 1779 1795 1794
f 1779 1780 1796 1795
f 1780 1781 1797 1796
f 1781 1782 1798 1797
f 1782 1783 1799 1798
f 1783 1784 1800 1799
f 1784 1785 1801 1800
f 1785 1786 1802 1801
f 1786 1787 1803 1802
f 1787 1788 1804 1803
f 1788 1789 1805 1804
f 1789 1790 1806 1805
f 1790 1775 1791 1806
f 1791 1792 1808 1807
f 1792 1793 1809 1808
f 1793 1794 1810 1809
f 1794 1795 1811 1810
f 1795 1796 1812 1811
f 1796 1797 1813 1812
f 1797 1798 1814 1813
f 1798 1799 1815 1814
f 1799 1800 1816 1815
f 1800 1801 1817 1816
f 1801 1802 1818 1817
f 1802 1803 1819 1818
f 1803 1804 1820 1819
f 1804 1805 1821 1820
f 1805 1806 1822 1821
f 1806 1791 1807 1822
f 1807 1808 1824 1823
f 1808 1809 1825 1824
f 1809 1810 1826 1825
f 1810 1811 1827 1826
f 1811 1812 1828 1827
f 1812 1813 1829 1828
f 1813 1814 1830 1829
f 1814 1815 1831 1830
f 1815 1816 1832 1831
f 1816 1817 1833 1832
f 1817 1818 1834 1833
f 1818 1819 1835 1834
f 1819 1820 1836 1835
f 1820 1821 1837 1836
f 1821 1822 1838 1837
f 1822 1807 1823 1838
f 1823 1824 1840 1839
f 1824 1825 1841 1840
f 1825 1826 1842 1841
f 1826 1827 1843 1842
f 1827 1828 1844 1843
f 1828 1829 1845 1844
f 1829 1830 1846 1845
f 1830 1831 1847 1846
f 1831 1832 1848 1847
f 1832 1833 1849 1848
f 1833 1834 1850 1849
f 1834 1835 1851 1850
f 1835 1836 1852 1851
f 1836 1837 1853 1852
f 1837 1838 1854 1853
f 1838 1823 1839 1854
f 1774 1773 1772 1771 1770 1769 1768 1767 1766 1765 1764 1763 1762 1761 1760 1759
f 1839 1840 1841 1842 1843 1844 1845 1846 1847 1848 1849 1850 1851 1852 1853 1854
g swept_nacelle_pylon
f 1892 1893 1889 1888
f 1893 1894 1890 1889
f 1894 1895 1891 1890
f 1895 1892 1888 1891
f 1888 1889 1890 1891
f 1895 1894 1893 1892
g warp_nacelle
f 1896 1897 1913 1912
f 1897 1898 1914 1913
f 1898 1899 1915 1914
f 1899 1900 1916 1915
f 1900 1901 1917 1916
f 1901 1902 1918 1917
f 1902 1903 1919 1918
f 1903 1904 1920 1919
f 1904 1905 1921 1920
f 1905 1906 1922 1921
f 1906 1907 1923 1922
f 1907 1908 1924 1923
f 1908 1909 1925 1924
f 1909 1910 1926 1925
f 1910 1911 1927 1926
f 1911 1896 1912 1927
f 1912 1913 1929 1928
f 1913 1914 1930 1929
f 1914 1915 1931 1930
f 1915 1916 1932 1931
f 1916 1917 1933 1932
f 1917 1918 1934 1933
f 1918 1919 1935 1934
f 1919 1920 1936 1935
f 1920 1921 1937 1936
f 1921 1922 1938 1937
f 1922 1923 1939 1938
f 1923 1924 1940 1939
f 1924 1925 1941 1940
f 1925 1926 1942 1941
f 1926 1927 1943 1942
f 1927 1912 1928 1943
f 1928 1929 1945 1944
f 1929 1930 1946 1945
f 1930 1931 1947 1946
f 1931 1932 1948 1947
f 1932 1933 1949 1948
f 1933 1934 1950 1949
f 1934 1935 1951 1950
f 1935 1936 1952 1951
f 1936 1937 1953 1952
f 1937 1938 1954 1953
f 1938 1939 1955 1954
f 1939 1940 1956 1955
f 1940 1941 1957 1956
f 1941 1942 1958 1957
f 1942 1943 1959 1958
f 1943 1928 1944 1959
f 1944 1945 1961 1960
f 1945 1946 1962 1961
f 1946 1947 1963 1962
f 1947 1948 1964 1963
f 1948 1949 1965 1964
f 1949 1950 1966 1965
f 1950 1951 1967 1966
f 1951 1952 1968 1967
f 1952 1953 1969 1968
f 1953 1954 1970 1969
f 1954 1955 1971 1970
f 1955 1956 1972 1971
f 1956 1957 1973 1972
f 1957 1958 1974 1973
f 1958 1959 1975 1974
f 1959 1944 1960 1975
f 1960 1961 1977 1976
f 1961 1962 1978 1977
f 1962 1963 1979 1978
f 1963 1964 1980 1979
f 1964 1965 1981 1980
f 1965 1966 1982 1981
f 1966 1967 1983 1982
f 1967 1968 1984 1983
f 1968 1969 1985 1984
f 1969 1970 1986 1985
f 1970 1971 1987 1986
f 1971 1972 1988 1987
f 1972 1973 1989 1988
f 1973 1974 1990 1989
f 1974 1975 1991 1990
f 1975 1960 1976 1991
f 1911 1910 1909 1908 1907 1906 1905 1904 1903 1902 1901 1900 1899 1898 1897 1896
f 1976 1977 1978 1979 1980 1981 1982 1983 1984 1985 1986 1987 1988 1989 1990 1991
g navigation_deflector
f 2049 2050 2026 2025
f 2050 2051 2027 2026
f 2051 2052 2028 2027
f 2052 2053 2029 2028
f 2053 2054 2030 2029
f 2054 2055 2031 2030
f 2055 2056 2032 2031
f 2056 2057 2033 2032
f 2057 2058 2034 2033
f 2058 2059 2035 2034
f 2059 2060 2036 2035
f 2060 2061 2037 2036
f 2061 2062 2038 2037
f 2062 2063 2039 2038
f 2063 2064 2040 2039
f 2064 2065 2041 2040
f 2065 2066 2042 2041
f 2066 2067 2043 2042
f 2067 2068 2044 2043
f 2068 2069 2045 2044
f 2069 2070 2046 2045
f 2070 2071 2047 2046
f 2071 2072 2048 2047
f 2072 2049 2025 2048
f 2073 2074 2050 2049
f 2074 2075 2051 2050
f 2075 2076 2052 2051
f 2076 2077 2053 2052
f 2077 2078 2054 2053
f 2078 2079 2055 2054
f 2079 2080 2056 2055
f 2080 2081 2057 2056
f 2081 2082 2058 2057
f 2082 2083 2059 2058
f 2083 2084 2060 2059
f 2084 2085 2061 2060
f 2085 2086 2062 2061
f 2086 2087 2063 2062
f 2087 2088 2064 2063
f 2088 2089 2065 2064
f 2089 2090 2066 2065
f 2090 2091 2067 2066
f 2091 2092 2068 2067
f 2092 2093 2069 2068
f 2093 2094 2070 2069
f 2094 2095 2071 2070
f 2095 2096 2072 2071
f 2096 2073 2049 2072
f 2025 2026 2027 2028 2029 2030 2031 2032 2033 2034 2035 2036 2037 2038 2039 2040 2041 2042 2043 2044 2045 2046 2047 2048
f 2096 2095 2094 2093 2092 2091 2090 2089 2088 2087 2086 2085 2084 2083 2082 2081 2080 2079 2078 2077 2076 2075 2074 2073
g warp_nacelle
f 2097 2098 2114 2113
f 2098 2099 2115 2114
f 2099 2100 2116 2115
f 2100 2101 2117 2116
f 2101 2102 2118 2117
f 2102 2103 2119 2118
f 2103 2104 2120 2119
f 2104 2105 2121 2120
f 2105 2106 2122 2121
f 2106 2107 2123 2122
f 2107 2108 2124 2123
f 2108 2109 2125 2124
f 2109 2110 2126 2125
f 2110 2111 2127 2126
f 2111 2112 2128 2127
f 2112 2097 2113 2128
f 2113 2114 2130 2129
f 2114 2115 2131 2130
f 2115 2116 2132 2131
f 2116 2117 2133 2132
f 2117 2118 2134 2133
f 2118 2119 2135 2134
f 2119 2120 2136 2135
f 2120 2121 2137 2136
f 2121 2122 2138 2137
f 2122 2123 2139 2138
f 2123 2124 2140 2139
f 2124 2125 2141 2140
f 2125 2126 2142 2141
f 2126 2127 2143 2142
f 2127 2128 2144 2143
f 2128 2113 2129 2144
f 2129 2130 2146 2145
f 2130 2131 2147 2146
f 2131 2132 2148 2147
f 2132 2133 2149 2148
f 2133 2134 2150 2149
f 2134 2135 2151 2150
f 2135 2136 2152 2151
f 2136 2137 2153 2152
f 2137 2138 2154 2153
f 2138 2139 2155 2154
f 2139 2140 2156 2155
f 2140 2141 2157 2156
f 2141 2142 2158 2157
f 2142 2143 2159 2158
f 2143 2144 2160 2159
f 2144 2129 2145 2160
f 2145 2146 2162 2161
f 2146 2147 2163 2162
f 2147 2148 2164 2163
f 2148 2149 2165 2164
f 2149 2150 2166 2165
f 2150 2151 2167 2166
f 2151 2152 2168 2167
f 2152 2153 2169 2168
f 2153 2154 2170 2169
f 2154 2155 2171 2170
f 2155 2156 2172 2171
f 2156 2157 2173 2172
f 2157 2158 2174 2173
f 2158 2159 2175 2174
f 2159 2160 2176 2175
f 2160 2145 2161 2176
f 2161 2162 2178 2177
f 2162 2163 2179 2178
f 2163 2164 2180 2179
f 2164 2165 2181 2180
f 2165 2166 2182 2181
f 2166 2167 2183 2182
f 2167 2168 2184 2183
f 2168 2169 2185 2184
f 2169 2170 2186 2185
f 2170 2171 2187 2186
f 2171 2172 2188 2187
f 2172 2173 2189 2188
f 2173 2174 2190 2189
f 2174 2175 2191 2190
f 2175 2176 2192 2191
f 2176 2161 2177 2192
f 2112 2111 2110 2109 2108 2107 2106 2105 2104 2103 2102 2101 2100 2099 2098 2097
f 2177 2178 2179 2180 2181 2182 2183 2184 2185 2186 2187 2188 2189 2190 2191 2192
g schematic_details
l 65 66 67 68 69 70 71 72 73 74 75 76 77 78 79 80 81 82 83 84 85 86 87 88 89 90 91 92 93 94 95 96 97 98 99 100 101 102 103 104 105 106 107 108 109 110 111 112 113 114 115 116 117 118 119 120 121 122 123 124 125 126 127 128 65
l 129 130 131 132 133 134 135 136 137 138 139 140 141 142 143 144 145 146 147 148 149 150 151 152 153 154 155 156 157 158 159 160 161 162 163 164 165 166 167 168 169 170 171 172 173 174 175 176 177 178 179 180 181 182 183 184 185 186 187 188 189 190 191 192 129
l 193 194 195 196 197 198 199 200 201 202 203 204 205 206 207 208 209 210 211 212 213 214 215 216 217 218 219 220 221 222 223 224 225 226 227 228 229 230 231 232 233 234 235 236 237 238 239 240 241 242 243 244 245 246 247 248 249 250 251 252 253 254 255 256 193
l 257 258 259 260 261 262 263 264 265 266 267 268 269 270 271 272 273 274 275 276 277 278 279 280 281 282 283 284 285 286 287 288 289 290 291 292 293 294 295 296 297 298 299 300 301 302 303 304 305 306 307 308 309 310 311 312 313 314 315 316 317 318 319 320 257
l 321 322 323 324 325 326 327 328 329 330 331 332 333 334 335 336 337 338 339 340 341 342 343 344 345 346 347 348 349 350 351 352 353 354 355 356 357 358 359 360 361 362 363 364 365 366 367 368 369 370 371 372 373 374 375 376 377 378 379 380 381 382 383 384 321
l 385 386 387 388 389 390 391 392 393 394 395 396 397 398 399 400 401 402 403 404 405 406 407 408 409 410 411 412 413 414 415 416 417 418 419 420 421 422 423 424 425 426 427 428 429 430 431 432 433 434 435 436 437 438 439 440 441 442 443 444 445 446 447 448 385
l 449 450 451 452 453 454 455 456 457 458 459 460 461 462 463 464 465 466 467 468 469 470 471 472 473 474 475 476 477 478 479 480 481 482 483 484 485 486 487 488 489 490 491 492 493 494 495 496 497 498 499 500 501 502 503 504 505 506 507 508 509 510 511 512 449
l 65 129 193 257
l 69 133 197 261
l 73 137 201 265
l 77 141 205 269
l 81 145 209 273
l 85 149 213 277
l 89 153 217 281
l 93 157 221 285
l 97 161 225 289
l 101 165 229 293
l 105 169 233 297
l 109 173 237 301
l 113 177 241 305
l 117 181 245 309
l 121 185 249 313
l 125 189 253 317
l 321 385 449
l 329 393 457
l 337 401 465
l 345 409 473
l 353 417 481
l 361 425 489
l 369 433 497
l 377 441 505
l 577 578 579 580 581 582 583 584 585 586 587 588 589 590 591 592 593 594 595 596 597 598 599 600 601 602 603 604 605 606 607 608 609 610 611 612 613 614 615 616 617 618 619 620 621 622 623 624 625 626 627 628 629 630 631 632 633 634 635 636 637 638 639 640 577
l 641 642 643 644 645 646 647 648 649 650 651 652 653 654 655 656 657 658 659 660 661 662 663 664 665 666 667 668 669 670 671 672 673 674 675 676 677 678 679 680 681 682 683 684 685 686 687 688 689 690 691 692 693 694 695 696 697 698 699 700 701 702 703 704 641
l 705 706 707 708 709 710 711 712 713 714 715 716 717 718 719 720 721 722 723 724 725 726 727 728 729 730 731 732 733 734 735 736 737 738 739 740 741 742 743 744 745 746 747 748 749 750 751 752 753 754 755 756 757 758 759 760 761 762 763 764 765 766 767 768 705
l 769 770
l 771 772
l 773 774
l 775 776
l 777 778
l 779 780
l 781 782
l 783 784
l 785 786
l 787 788
l 789 790
l 791 792
l 793 794
l 795 796
l 797 798
l 799 800
l 801 802
l 803 804
l 805 806
l 807 808
l 809 810
l 811 812
l 813 814
l 815 816
l 817 818
l 819 820
l 821 822
l 823 824
l 825 826
l 827 828
l 829 830
l 831 832
l 833 834
l 835 836
l 837 838
l 839 840
l 841 842
l 843 844
l 845 846
l 847 848
l 849 850
l 851 852
l 853 854
l 855 856
l 857 858
l 859 860
l 861 862
l 863 864
l 865 866
l 867 868
l 869 870
l 871 872
l 873 874
l 875 876
l 877 878
l 879 880
l 881 882
l 883 884
l 885 886 887 888 889 890 891 892 893 894 895 896 897 898 899 900 901 902 903 904 885
l 905 906 907 908 909 910 911 912 913 914 915 916 917 918 919 920 921 922 923 924 905
l 945 946 947 948 949 950 951 952 953 954 955 956 957 958 959 960 961 962 963 964 945
l 965 966 967 968 969 970 971 972 973 974 975 976 977 978 979 980 981 982 983 984 965
l 885 905 925 945 965
l 890 910 930 950 970
l 895 915 935 955 975
l 900 920 940 960 980
l 985 986 987 988 989 990 991 992 993 994 995 996 985
l 997 998 999 1000 1001 1002 1003 1004 1005 1006 1007 1008 997
l 1021 1022 1023 1024 1025 1026 1027 1028 1029 1030 1031 1032 1021
l 1033 1034 1035 1036 1037 1038 1039 1040 1041 1042 1043 1044 1033
l 985 997 1009 1021 1033
l 988 1000 1012 1024 1036
l 991 1003 1015 1027 1039
l 994 1006 1018 1030 1042
l 1485 1486 1487 1488 1489 1490 1491 1492 1493 1494 1495 1496 1497 1498 1499 1500 1485
l 1501 1502 1503 1504 1505 1506 1507 1508 1509 1510 1511 1512 1513 1514 1515 1516 1501
l 1549 1550 1551 1552 1553 1554 1555 1556 1557 1558 1559 1560 1561 1562 1563 1564 1549
l 1565 1566 1567 1568 1569 1570 1571 1572 1573 1574 1575 1576 1577 1578 1579 1580 1565
l 1485 1501 1517 1533 1549 1565
l 1489 1505 1521 1537 1553 1569
l 1493 1509 1525 1541 1557 1573
l 1497 1513 1529 1545 1561 1577
l 1581 1582 1583
l 1584 1585 1586
l 1587 1588 1589
l 1590 1591 1592
l 1593 1594 1595
l 1596 1597 1598
l 1599 1600 1601
l 1602 1603 1604
l 1605 1606 1607
l 1608 1609 1610
l 1611 1612 1613
l 1622 1623 1624 1625 1626 1627 1628 1629 1630 1631 1632 1633 1634 1635 1636 1637 1622
l 1638 1639 1640 1641 1642 1643 1644 1645 1646 1647 1648 1649 1650 1651 1652 1653 1638
l 1686 1687 1688 1689 1690 1691 1692 1693 1694 1695 1696 1697 1698 1699 1700 1701 1686
l 1702 1703 1704 1705 1706 1707 1708 1709 1710 1711 1712 1713 1714 1715 1716 1717 1702
l 1622 1638 1654 1670 1686 1702
l 1626 1642 1658 1674 1690 1706
l 1630 1646 1662 1678 1694 1710
l 1634 1650 1666 1682 1698 1714
l 1718 1719 1720
l 1721 1722 1723
l 1724 1725 1726
l 1727 1728 1729
l 1730 1731 1732
l 1733 1734 1735
l 1736 1737 1738
l 1739 1740 1741
l 1742 1743 1744
l 1745 1746 1747
l 1748 1749 1750
l 1759 1760 1761 1762 1763 1764 1765 1766 1767 1768 1769 1770 1771 1772 1773 1774 1759
l 1775 1776 1777 1778 1779 1780 1781 1782 1783 1784 1785 1786 1787 1788 1789 1790 1775
l 1823 1824 1825 1826 1827 1828 1829 1830 1831 1832 1833 1834 1835 1836 1837 1838 1823
l 1839 1840 1841 1842 1843 1844 1845 1846 1847 1848 1849 1850 1851 1852 1853 1854 1839
l 1759 1775 1791 1807 1823 1839
l 1763 1779 1795 1811 1827 1843
l 1767 1783 1799 1815 1831 1847
l 1771 1787 1803 1819 1835 1851
l 1855 1856 1857
l 1858 1859 1860
l 1861 1862 1863
l 1864 1865 1866
l 1867 1868 1869
l 1870 1871 1872
l 1873 1874 1875
l 1876 1877 1878
l 1879 1880 1881
l 1882 1883 1884
l 1885 1886 1887
l 1896 1897 1898 1899 1900 1901 1902 1903 1904 1905 1906 1907 1908 1909 1910 1911 1896
l 1912 1913 1914 1915 1916 1917 1918 1919 1920 1921 1922 1923 1924 1925 1926 1927 1912
l 1960 1961 1962 1963 1964 1965 1966 1967 1968 1969 1970 1971 1972 1973 1974 1975 1960
l 1976 1977 1978 1979 1980 1981 1982 1983 1984 1985 1986 1987 1988 1989 1990 1991 1976
l 1896 1912 1928 1944 1960 1976
l 1900 1916 1932 1948 1964 1980
l 1904 1920 1936 1952 1968 1984
l 1908 1924 1940 1956 1972 1988
l 1992 1993 1994
l 1995 1996 1997
l 1998 1999 2000
l 2001 2002 2003
l 2004 2005 2006
l 2007 2008 2009
l 2010 2011 2012
l 2013 2014 2015
l 2016 2017 2018
l 2019 2020 2021
l 2022 2023 2024
l 2025 2026 2027 2028 2029 2030 2031 2032 2033 2034 2035 2036 2037 2038 2039 2040 2041 2042 2043 2044 2045 2046 2047 2048 2025
l 2049 2050 2051 2052 2053 2054 2055 2056 2057 2058 2059 2060 2061 2062 2063 2064 2065 2066 2067 2068 2069 2070 2071 2072 2049
l 2049 2050 2051 2052 2053 2054 2055 2056 2057 2058 2059 2060 2061 2062 2063 2064 2065 2066 2067 2068 2069 2070 2071 2072 2049
l 2073 2074 2075 2076 2077 2078 2079 2080 2081 2082 2083 2084 2085 2086 2087 2088 2089 2090 2091 2092 2093 2094 2095 2096 2073
l 2025 2049 2073
l 2031 2055 2079
l 2037 2061 2085
l 2043 2067 2091
l 2097 2098 2099 2100 2101 2102 2103 2104 2105 2106 2107 2108 2109 2110 2111 2112 2097
l 2113 2114 2115 2116 2117 2118 2119 2120 2121 2122 2123 2124 2125 2126 2127 2128 2113
l 2161 2162 2163 2164 2165 2166 2167 2168 2169 2170 2171 2172 2173 2174 2175 2176 2161
l 2177 2178 2179 2180 2181 2182 2183 2184 2185 2186 2187 2188 2189 2190 2191 2192 2177
l 2097 2113 2129 2145 2161 2177
l 2101 2117 2133 2149 2165 2181
l 2105 2121 2137 2153 2169 2185
l 2109 2125 2141 2157 2173 2189
l 2193 2194 2195
l 2196 2197 2198
l 2199 2200 2201
l 2202 2203 2204
l 2205 2206 2207
l 2208 2209 2210
l 2211 2212 2213
l 2214 2215 2216
l 2217 2218 2219
l 2220 2221 2222
l 2223 2224 2225
l 2226 2227 2228
l 2229 2230 2231
l 2232 2233 2234
